messageId,timestamp,author,authorChannelId,isChatOwner,isChatSponsor,isVerified,message
LCC.EhwKGkNOS1N6X2FNMW84REZlX0R3Z1FkblpJc0Zn,2025-09-14 00:56:05.418128+00:00,Ver√≥nica Tom√°s,UCFb0sI3RijJHgc65DF6TbPA,False,False,False,Hala Madrid
LCC.EhwKGkNOLUUydmFNMW84REZhQzdyZ1VkakpvTTJ3,2025-09-14 00:56:05.596835+00:00,Yuri Garcia,UCWwMFkCnRLSRWYXLt8xgw9g,False,False,False,Hala madrid ü§ç üíØ
LCC.EhwKGkNPel9pUGlNMW84REZVRER3Z1FkMFdjNHhn,2025-09-14 00:56:08.463080+00:00,Ver√≥nica Tom√°s,UCFb0sI3RijJHgc65DF6TbPA,False,False,False,Hala Madrid
LCC.EhwKGkNJalV4Zm1NMW84REZXTENsQWtkNFlJNmtB,2025-09-14 00:56:11.555416+00:00,Sary Romero Molina,UCfhHnGZKtG5EWTG9APdNl0Q,False,False,False,HALA MADRID
LCC.EhwKGkNLTE94X21NMW84REZlX0R3Z1FkblpJc0Zn,2025-09-14 00:56:11.586517+00:00,Ver√≥nica Tom√°s,UCFb0sI3RijJHgc65DF6TbPA,False,False,False,Hala Madrid
LCC.EhwKGkNPckxpX3FNMW84REZWalRsQWtkZHZvT1pR,2025-09-14 00:56:12.703704+00:00,yaisa lucky,UCOs7yuiJ8ZVsW1k2trnB0xA,False,False,False,vamos madrid
LCC.EhwKGkNMcmFtdnFNMW84REZmVUoxZ0FkdEU4N3RB,2025-09-14 00:56:12.948131+00:00,Lenni Rodriguez Yero,UCmMWatRDzHW1OKlpBeG1s-Q,False,False,False,hala Madrid
LCC.EhwKGkNPcUNnUHVNMW84REZYTVlyUVlkS244SXF3,2025-09-14 00:56:14.607657+00:00,Ver√≥nica Tom√°s,UCFb0sI3RijJHgc65DF6TbPA,False,False,False,Hala Madrid
LCC.EhwKGkNMYWo4XzJNMW84REZWckJ3Z1FkaEw4alN3,2025-09-14 00:56:20.690412+00:00,Ver√≥nica Tom√°s,UCFb0sI3RijJHgc65DF6TbPA,False,False,False,Hala Madrid vamos
LCC.EhwKGkNNZVIzdi1NMW84REZYZ3YxZ0FkYlg0NmF3,2025-09-14 00:56:24.539008+00:00,Lenni Rodriguez Yero,UCmMWatRDzHW1OKlpBeG1s-Q,False,False,False,vamos cojone
LCC.EhwKGkNPeTU5di1NMW84REZjVEh3Z1FkNkZraHRR,2025-09-14 00:56:24.936734+00:00,Ver√≥nica Tom√°s,UCFb0sI3RijJHgc65DF6TbPA,False,False,False,Hala Madrid vamos
LCC.EhwKGkNMRFo5di1NMW84REZlZlNsQWtkMEdFanlR,2025-09-14 00:56:24.940015+00:00,Margarita lopez Lopez,UCOXB7i8NGlAkFlM3ZaLRdqg,False,False,False,real Madrid:buffering:
LCC.EhwKGkNPejVqb0NOMW84REZlQ1A1UWNkT0E0U29R,2025-09-14 00:56:25.339122+00:00,Rosa Guzman,UC7fd6DXqZYk8AaVKw6-Xzng,False,False,False,VAMOS QUE REVIENTEN ESOS LIKE CABULEROS
LCC.EhwKGkNQZXF1NEdOMW84REZjVEh3Z1FkNkZraHRR,2025-09-14 00:56:28.162323+00:00,Ver√≥nica Tom√°s,UCFb0sI3RijJHgc65DF6TbPA,False,False,False,Hala Madrid
LCC.EhwKGkNPZWh3NEdOMW84REZaYTdyZ1VkTHA0OFln,2025-09-14 00:56:28.291893+00:00,Llonatan Quinteros Barretas,UCLVtbkeoMum3k3pl313XSIA,False,False,False,que guejo m√°s clavafo
LCC.EhwKGkNPcmw2SUdOMW84REZmTzdyZ1VkQzNVWm9R,2025-09-14 00:56:28.906587+00:00,Angel Jes√∫s Garc√≠a ,UCy82cpVPG9C8CgufvN1A1wA,False,False,False,vamos Hala Madrid por el 3
LCC.EhwKGkNPdU01NE9OMW84REZjRFN3Z1FkSEFVUUR3,2025-09-14 00:56:33.075398+00:00,Ver√≥nica Tom√°s,UCFb0sI3RijJHgc65DF6TbPA,False,False,False,Hala Madrid
LCC.EhwKGkNPMm16SVdOMW84REZTdkw0d2NkalRvS09n,2025-09-14 00:56:36.829398+00:00,Francisca Estrada,UCcyC9aeKSjnBf8LMNaVMz2A,False,False,False,real Madrid bamos
LCC.EhwKGkNQbUIwb1dOMW84REZUYkR3Z1FkZzk0RkZR,2025-09-14 00:56:36.926502+00:00,yaisa lucky,UCOs7yuiJ8ZVsW1k2trnB0xA,False,False,False,vamos vamos üí™üèª
LCC.EhwKGkNNdm1uWWFOMW84REZZbWY1UWNkMHo4T1F3,2025-09-14 00:56:38.173571+00:00,Guadalupe Perdomo,UCKhbbSPnBUyPsinM_IFHMsw,False,False,False,vamos Madrid
LCC.EhwKGkNPMktxNGFOMW84REZRckR3Z1FkOXRRZzFR,2025-09-14 00:56:38.382028+00:00,Ver√≥nica Tom√°s,UCFb0sI3RijJHgc65DF6TbPA,False,False,False,Hala Madrid
LCC.EhwKGkNLdl8tNGVOMW84REZaRE00d2NkYlhRYnRB,2025-09-14 00:56:41.804531+00:00,IsraSTV‚öΩ,UCfzEy77eMdWAjzSXfO-WCug,False,False,False,vamos chicos. Buena narraci√≥n y seguimiento del partido üòÅüëçüôÇ
LCC.EhwKGkNMcTVqWWlOMW84REZkd0kxZ0FkY19BNWZn,2025-09-14 00:56:42.091673+00:00,ella koffi,UCZXNqn-dutvpiqeym7eS0_w,False,False,False,üôèüôèüôèüôè
LCC.EhwKGkNMZUpnNG1OMW84REZiZk53Z1FkcTFZcDFB,2025-09-14 00:56:44.017840+00:00,Ver√≥nica Tom√°s,UCFb0sI3RijJHgc65DF6TbPA,False,False,False,Hala Madrid
LCC.EhwKGkNQWGd6WXFOMW84REZjX0V3Z1FkN0JFRk9B,2025-09-14 00:56:47.337669+00:00,Ver√≥nica Tom√°s,UCFb0sI3RijJHgc65DF6TbPA,False,False,False,Hala Madrid
LCC.EhwKGkNOdTIyb3VOMW84REZUYTZyZ1VkNjF3NWJn,2025-09-14 00:56:49.646145+00:00,Eneth Delgado,UCIG-BIIjj2bhu8VtisvmZMw,False,False,False,Cesar vini tiene 2 champios cosa que ning√∫n jugador del barca actual tiene
LCC.EhwKGkNMMldxWXlOMW84REZjVEh3Z1FkNkZraHRR,2025-09-14 00:56:50.934460+00:00,Ver√≥nica Tom√°s,UCFb0sI3RijJHgc65DF6TbPA,False,False,False,Hala Madrid
LCC.EhwKGkNJUEF0NHlOMW84REZjNE1yUVlkNFFrS1VB,2025-09-14 00:56:51.167624+00:00,El Tuqui,UCY8il3iiYdWwWESoyq6Tz7A,False,False,False,REAL MADRID LEJOS DE JUGAR BIEN Y LOS EQUIPOS PECHOS FR√çO NO APROVECHAN UN EQUIPO ARGENTINA üá¶üá∑ DE KA B LE ME TE 10 GOKES
LCC.EhwKGkNLRDV5bzJOMW84REZRUUoxZ0FkXzFVNlVR,2025-09-14 00:56:53.584645+00:00,Yadixny Rodriguez,UCDJtSNLIQW0CmZtxDA7ZwnA,False,False,False,Halaa madrid ü§´‚öΩÔ∏è
LCC.EhwKGkNMLXI5WTZOMW84REZmVERsQWtkV09jQnNn,2025-09-14 00:56:56.375956+00:00,Ranner Escalona,UC0KKR0t3Vu_uBgwrN4K0YFw,False,False,False,vamos Madrid
LCC.EhwKGkNPUy10WktOMW84REZZZThyZ1VkQUNrTU1B,2025-09-14 00:57:03.717817+00:00,Angel Acosta,UCszmJScuZngv8ArLfid71XA,False,False,False,Hala Madrid desde Venezuela
LCC.EhwKGkNQTG9xNU9OMW84REZiaTdyZ1VkS1BVbjNB,2025-09-14 00:57:05.656331+00:00,Warning Bros_,UCU6-IJZyVc3U9yNSDGLSvrw,False,False,False,HOY GANA PAP√Å:yougotthis::yougotthis::yougotthis::yougotthis:
LCC.EhwKGkNMUzlnWmVOMW84REZRVUsxZ0FkUjFzSkZ3,2025-09-14 00:57:13.352270+00:00,Rosa Sanchez,UCK255RCLJyHVE9GEdMuhUPA,False,False,False,vamosssss Madrid yaaaa el tercer gol ‚öΩ‚öΩ‚öΩ
LCC.EhwKGkNQUEptNWlOMW84REZhM1VGZ2tkY0RrWDFR,2025-09-14 00:57:15.876546+00:00,Nayeli Garcia,UCExlMPeUWpXVa-qxjGe8H8g,False,False,False,arriba el real Madrid
LCC.EhwKGkNJaWJ2cGlOMW84REZYVEN3Z1FkMm9BUkN3,2025-09-14 00:57:16.444093+00:00,Ariel Salluca,UCUDP0_BNzFNDPhtBEbM4zFw,False,False,False,hala Madrid
LCC.EhwKGkNPclU0NW1OMW84REZiaTdyZ1VkS1BVbjNB,2025-09-14 00:57:19.154579+00:00,Lidia Garc√≠a,UC8c6gxZJpuS5Or74lPTE8ng,False,False,False,Vinicius crack o nos interesa comentarios de empate Hala Madrid ü§çüôåü§çüôåü§çüôåü§çüôèü§çüôåüôåü§ç
LCC.EhwKGkNNTEdoSnFOMW84REZjZk1sQWtkUUp3QmZB,2025-09-14 00:57:19.694097+00:00,Ranner Escalona,UC0KKR0t3Vu_uBgwrN4K0YFw,False,False,False,vamos Madrid gana el juego
LCC.EhwKGkNOZnF1cHlOMW84REZRVENsQWtkZ25RMlN3,2025-09-14 00:57:24.777493+00:00,Ranner Escalona,UC0KKR0t3Vu_uBgwrN4K0YFw,False,False,False,vamos Venezuela
LCC.EhwKGkNLbVU3cDJOMW84REZiaTdyZ1VkS1BVbjNB,2025-09-14 00:57:27.715352+00:00,franco antonio suarez,UC-hlHULp_1U0ZqEW-W9i3vA,False,False,False,vamos Madrid un golsito m√°s......no hay que confiarse de la real s y del √°rbitro...
LCC.EhwKGkNOcVFfcDJOMW84REZXTENsQWtkNFlJNmtB,2025-09-14 00:57:27.977508+00:00,Ph hill Point,UCB_0RDqPirXpV_KIYP4A82g,False,False,False,como q no van a ganar claro q va ganar el madrid
LCC.EhwKGkNPX3IyWjZOMW84REZVRER3Z1FkMFdjNHhn,2025-09-14 00:57:29.479327+00:00,Maikol Amir Garc√≠a Basulto,UCibInUFT7HMVxi302ThmGew,False,False,False,hala madrid
LCC.EhwKGkNPLUdzWi1OMW84REZYUFB3Z1FkMWVZREZn,2025-09-14 00:57:30.909092+00:00,R3M Official,UCPg-jK7Izo15pO40XQnHhuA,False,False,False,saludos desde Peruuuuuuuuu
LCC.EhwKGkNLRFprcUNOMW84REZSTExGZ2tkRDZBWUNn,2025-09-14 00:57:32.508507+00:00,Rosa Guzman,UC7fd6DXqZYk8AaVKw6-Xzng,False,False,False,QUE REVIENTEN ESOS LIKE CABULEROS
LCC.EhwKGkNPNjE4S0tOMW84REZjVEh3Z1FkNkZraHRR,2025-09-14 00:57:38.238943+00:00,Wily Fasabi,UClxLFzXl648kFl5lifeL-cw,False,False,False,Hala Madrid ü§ç
LCC.EhwKGkNOcjc5NktOMW84REZmVERsQWtkV09jQnNn,2025-09-14 00:57:38.362671+00:00,ponte serio ronaldo,UCiHRYM6tvSnapggcLdKodXQ,False,False,False,hala madrid
LCC.EhwKGkNMTDIzS09OMW84REZmVUoxZ0FkdEU4N3RB,2025-09-14 00:57:40.017737+00:00,wiamnaturelüåºüåº,UC9QttXbceiEz9G14SHaFRFQ,False,False,False,cu√°nto va
LCC.EhwKGkNNQ0N4cVNOMW84REZka0l5d1FkV2hzMlNn,2025-09-14 00:57:41.757334+00:00,Maestro Miguel,UCbVU3M5q5CiK1DVl7TeJsug,False,False,False,"Comentaristas contra el Madrid, con uno menos y a√∫n as√≠ contra Madrid"
LCC.EhwKGkNPTGx0S1dOMW84REZUX1FsQWtkTjJFNUZ3,2025-09-14 00:57:43.553456+00:00,ponte serio ronaldo,UCiHRYM6tvSnapggcLdKodXQ,False,False,False,vamos madeid
LCC.EhwKGkNMNkRwcWVOMW84REZSRU4xZ0FkSThRSDFR,2025-09-14 00:57:47.508634+00:00,wiamnaturelüåºüåº,UC9QttXbceiEz9G14SHaFRFQ,False,False,False,que estoy en un anucio
LCC.EhwKGkNQS05sYWlOMW84REZaYTdyZ1VkTHA0OFln,2025-09-14 00:57:49.325586+00:00,Maikol Amir Garc√≠a Basulto,UCibInUFT7HMVxi302ThmGew,False,False,False,vamos madrid
LCC.EhwKGkNQcUZ5YW1OMW84REZYTVlyUVlkS244SXF3,2025-09-14 00:57:52.273155+00:00,Roberto Lopez,UC4Og6UriQ_NgpSDSaF-rRdA,False,False,False,vamos madrid
LCC.EhwKGkNQakRzS3FOMW84REZYTVlyUVlkS244SXF3,2025-09-14 00:57:53.968599+00:00,ponte serio ronaldo,UCiHRYM6tvSnapggcLdKodXQ,False,False,False,vamos madrid
LCC.EhwKGkNLV3UzS3FOMW84REZjX0V3Z1FkN0JFRk9B,2025-09-14 00:57:54.686833+00:00,OliHolis,UCj8zeGUWTHonh0mmCycl1sg,False,False,False,le mandan saludo a cristiano a Ronaldo cabala ‚ù§Ô∏è
LCC.EhwKGkNPVGpwcXVOMW84REZjN0x3Z1FkaWdBZVZ3,2025-09-14 00:57:55.905707+00:00,Irm√£o Erlis ,UCfmdQiWfFcuv8cqvrbMLNpw,False,False,False,hala Madrid desde Brasil
LCC.EhwKGkNPSzczcXlOMW84REZVZlRsQWtkeV9BaWtB,2025-09-14 00:57:58.915723+00:00,Ranner Escalona,UC0KKR0t3Vu_uBgwrN4K0YFw,False,False,False,que termine ese juego
LCC.EhwKGkNOWGswcTJOMW84REZjNE1yUVlkNFFrS1VB,2025-09-14 00:58:00.821294+00:00,El Tuqui,UCY8il3iiYdWwWESoyq6Tz7A,False,False,False,Mal√≠simo Madrid muy fr√≠o y el jugador de ANGOLA mal√≠simo
LCC.EhwKGkNMRzZfYTJOMW84REZkZkF3Z1FkRldzR1dB,2025-09-14 00:58:01.521852+00:00,Ana Huanca Diestra,UCT0wyx61jzsKJEKjTqC7eag,False,False,False,pon el partido real
LCC.EhwKGkNJLWRrN09OMW84REZmVUoxZ0FkdEU4N3RB,2025-09-14 00:58:12.365828+00:00,wiamnaturelüåºüåº,UC9QttXbceiEz9G14SHaFRFQ,False,False,False,me saludan
LCC.EhwKGkNOM0wwN1dOMW84REZSaUVyZ1VkVU1BT1B3,2025-09-14 00:58:17.611580+00:00,Richard Rafael Rivero Suarez,UCgw0HA2nZ86ZsIsfEpZyiBg,False,False,False,vamos Madrid
LCC.EhwKGkNPZmFoYmFOMW84REZZQUoxZ0FkbWt3UjNR,2025-09-14 00:58:18.433712+00:00,Miguel Jimenez Gonzalez,UCDa2yPDNtnD2mHa9Bpmkfhg,False,False,False,"Que f√°cil expulsar a jugadores del Madrid, deleznable, ? pero para que est√° el var ?si no me da un infarto, no me da nunca"
LCC.EhwKGkNQWEQzN2VOMW84REZYVEN3Z1FkMm9BUkN3,2025-09-14 00:58:22.004190+00:00,Lizbeth Arista rengifo,UC58VD5V7PUAISBbb3-wfALw,False,False,False,hala madrid
LCC.EhwKGkNNT2F6THVOMW84REZTSXQxZ0FkWUpFR0tn,2025-09-14 00:58:30.075539+00:00,Maikol Amir Garc√≠a Basulto,UCibInUFT7HMVxi302ThmGew,False,False,False,madrid üèüüèü‚öΩÔ∏è‚öΩÔ∏è‚öΩÔ∏è‚öΩÔ∏è
LCC.EhwKGkNObTVtOENOMW84REZadkZGZ2tkTW44dVBR,2025-09-14 00:58:39.760492+00:00,Rosa Guzman,UC7fd6DXqZYk8AaVKw6-Xzng,False,False,False,VAMOS MIS REYES
LCC.EhwKGkNMVHZuTUNOMW84REZRbmJsQWtkUTdzTHl3,2025-09-14 00:58:39.783573+00:00,Raul Burton,UCjZFvKDa4CsjrRBI2HgEcsA,False,False,False,por siempre Hala Madrid
LCC.EhwKGkNJV2YzOENOMW84REZaRE00d2NkYlhRYnRB,2025-09-14 00:58:40.871494+00:00,rbn bkrüòë,UCv3rPZ_oJS-EbSQBvNJp8cg,False,False,False,o no solo queda 81 minutus .. vamos real madrid:face-turquoise-covering-eyes::face-turquoise-covering-eyes:
LCC.EhwKGkNLbUJtOFNOMW84REZlZlNsQWtkMEdFanlR,2025-09-14 00:58:48.143136+00:00,Deyking Moreno,UC_LaRcQ3zozFrBuwa-SDvHw,False,False,False,no pueden componer el canal
LCC.EhwKGkNPYmM4OFdOMW84REZWckJ3Z1FkaEw4alN3,2025-09-14 00:58:51.702925+00:00,Yhony Cama Mollo,UCgwqR4c3k3NDWGpNBxKHCQg,False,False,False,el real Madrid resident ranking tanque tanque
LCC.EhwKGkNKMm8wY3lOMW84REZYU0g1UWNkOXAwaVl3,2025-09-14 00:59:05.809234+00:00,Rosa Guzman,UC7fd6DXqZYk8AaVKw6-Xzng,False,False,False,ES SOLO NARRACI√ìN CHICOS
LCC.EhwKGkNJYWJnTTJOMW84REZRUUoxZ0FkXzFVNlVR,2025-09-14 00:59:06.577789+00:00,Maestro Miguel,UCbVU3M5q5CiK1DVl7TeJsug,False,False,False,"Pues claro que est√° replegado. El Madrid , no le queda otra amigo"
LCC.EhwKGkNQS1N6YzJOMW84REZjN0x3Z1FkaWdBZVZ3,2025-09-14 00:59:07.838197+00:00,El Tuqui,UCY8il3iiYdWwWESoyq6Tz7A,False,False,False,RENAL MADRID TIENE LA OBLIGACI√ìN DE GANAR 6A0
LCC.EhwKGkNOckQxcy1OMW84REZYU2g1UWNkN0FzMkJB,2025-09-14 00:59:12.186212+00:00,Nayeli Garcia,UCExlMPeUWpXVa-qxjGe8H8g,False,False,False,dale real Madrid daleeeee ü´°
LCC.EhwKGkNLeVdrOUdOMW84REZWUER3Z1FkV3VNazdn,2025-09-14 00:59:15.276871+00:00,Yhony Cama Mollo,UCgwqR4c3k3NDWGpNBxKHCQg,False,False,False,real Madrid llor√≥n
LCC.EhwKGkNManB6ZEdOMW84REZkZmNsQWtkd21VbC1n,2025-09-14 00:59:16.237379+00:00,Warning Bros_,UCU6-IJZyVc3U9yNSDGLSvrw,False,False,False,AGUANTE REAL MADRID:yougotthis::yougotthis::yougotthis:
LCC.EhwKGkNPbXBrTnFOMW84REZYZ3YxZ0FkYlg0NmF3,2025-09-14 00:59:34.107178+00:00,Jorge Fdez,UCda34QwVzj_T-CyQi9BPpuQ,False,False,False,"Verg√ºenza los √°rbitros de Espa√±a, siguen los hijos de Negreira"
LCC.EhwKGkNNdkI0ZHFOMW84REZTTW1yUVlkaENBU2ZB,2025-09-14 00:59:35.433797+00:00,Ana Huanca Diestra,UCT0wyx61jzsKJEKjTqC7eag,False,False,False,real Madrid el pap√°
LCC.EhwKGkNOZjZpdHVOMW84REZjbnM0d2NkZllNd19B,2025-09-14 00:59:36.114154+00:00,Maikol Amir Garc√≠a Basulto,UCibInUFT7HMVxi302ThmGew,False,False,False,vamos
LCC.EhwKGkNPcmwxTjZOMW84REZmVERsQWtkV09jQnNn,2025-09-14 00:59:43.619411+00:00,Yon Silvia,UCXe2EM-nE1K4Ypq39JGoGIA,False,False,False,saludos desde Venezuela
LCC.EhwKGkNQcVA1OS1OMW84REZUYkR3Z1FkZzk0RkZR,2025-09-14 00:59:46.012070+00:00,Yhony Cama Mollo,UCgwqR4c3k3NDWGpNBxKHCQg,False,False,False,llor√≥n apenas real Madrid gana con dos puntos pero Barcelona gana 5 o 6
LCC.EhwKGkNLUE9sLUdOMW84REZWRUF5d1FkU0ZJRnRn,2025-09-14 00:59:48.907198+00:00,wiamnaturelüåºüåº,UC9QttXbceiEz9G14SHaFRFQ,False,False,False,:face-red-droopy-eyes:
LCC.EhwKGkNQalYwdVNOMW84REZiaTdyZ1VkS1BVbjNB,2025-09-14 00:59:56.162647+00:00,Blanca ester Martinez Hernandez,UCI6HIgaYt25yl52dq9LdfpA,False,False,False,vamos real sociedad
LCC.EhwKGkNOcnhwLVdOMW84REZhSXUxZ0FkSXVBbUdR,2025-09-14 00:59:57.582915+00:00,Maestro Miguel,UCbVU3M5q5CiK1DVl7TeJsug,False,False,False,A ver cuanto descuenta el arbitro‚Ä¶üòÄ
LCC.EhwKGkNQU3h5ZVdOMW84REZWYk1GZ2tkMWYwMTJB,2025-09-14 00:59:58.114091+00:00,Rosa Guzman,UC7fd6DXqZYk8AaVKw6-Xzng,False,False,False,EL TERCERO
LCC.EhwKGkNOTzMtZVdOMW84REZWYmNsQWtkYVRRWHlR,2025-09-14 00:59:58.895551+00:00,Roberley P√©rez Castellano,UCcdnSTN3krCEttW9_QznGVQ,False,False,False,hala Madrid ü§ç SIUUU
LCC.EhwKGkNKSGZ0dWFOMW84REZhWEFsQWtkbUxVMERn,2025-09-14 00:59:59.899408+00:00,franco antonio suarez,UC-hlHULp_1U0ZqEW-W9i3vA,False,False,False,me da risa como los √°rbitros inventan para perjudicar al Madrid ü§£
LCC.EhwKGkNLYW1pZWlOMW84REZWckJ3Z1FkaEw4alN3,2025-09-14 01:00:03.348513+00:00,El Tuqui,UCY8il3iiYdWwWESoyq6Tz7A,False,False,False,"NIVEL BAJ√çSIMO DE REAL MADRID, TE AGARRA UN EQUIPO DE ARGENTINA Y TE GOLEA!!!"
LCC.EhwKGkNPR2VpT21OMW84REZjSXQxZ0FkLTRNRVBR,2025-09-14 01:00:05.430041+00:00,wiamnaturelüåºüåº,UC9QttXbceiEz9G14SHaFRFQ,False,False,False,me saludas pls i te aigo
LCC.EhwKGkNLenFfZXlOMW84REZVRExGZ2tkSEtBTGVn,2025-09-14 01:00:13.647289+00:00,cabala gol,UCqSTtGz9tX6kwcYaS6Z_ueQ,False,False,False,el turqui asi como un equipo de Australia los elimino del mundial de clubes
LCC.EhwKGkNPT1FpdTJOMW84REZUYkR3Z1FkZzk0RkZR,2025-09-14 01:00:13.850053+00:00,Yhony Cama Mollo,UCgwqR4c3k3NDWGpNBxKHCQg,False,False,False,cu√°nto le har√° pagar al √°rbitro
LCC.EhwKGkNPemR0LTZOMW84REZRUXYxZ0Fkay1FcWJR,2025-09-14 01:00:16.694646+00:00,yaisa lucky,UCOs7yuiJ8ZVsW1k2trnB0xA,False,False,False,hala madrid
LCC.EhwKGkNQVzM4LS1OMW84REZYZ0gxZ0FkcEpBQUdB,2025-09-14 01:00:19.770106+00:00,wiamnaturelüåºüåº,UC9QttXbceiEz9G14SHaFRFQ,False,False,False,"saludame o ,e suscribo"
LCC.EhwKGkNNalFnX0tOMW84REZkd0kxZ0FkY19BNWZn,2025-09-14 01:00:24.230333+00:00,yaisa lucky,UCOs7yuiJ8ZVsW1k2trnB0xA,False,False,False,hala madrid
LCC.EhwKGkNKR0h1X0tOMW84REZiTUgxZ0Fkc1pZQnVB,2025-09-14 01:00:25.136104+00:00,Leticia MARTIN-PE√ëASCO,UCjnqDeAstx_fWVeIPj93aBA,False,False,False,efectivamente yhonny
LCC.EhwKGkNJamdfUFNOMW84REZjdllGZ2tkcXo0dGF3,2025-09-14 01:00:30.408479+00:00,Nayeli Garcia,UCExlMPeUWpXVa-qxjGe8H8g,False,False,False,ya arriba el real Madrid
LCC.EhwKGkNPZlFuZldOMW84REZkb0YxZ0FkMTRzOUR3,2025-09-14 01:00:30.944995+00:00,wiamnaturelüåºüåº,UC9QttXbceiEz9G14SHaFRFQ,False,False,False,saludame i me suscribo
LCC.EhwKGkNPMkdpX2VOMW84REZiaTdyZ1VkS1BVbjNB,2025-09-14 01:00:34.835935+00:00,Yon Silvia,UCXe2EM-nE1K4Ypq39JGoGIA,False,False,False,saludos desde Venezuela
LCC.EhwKGkNNR2Ntdm1OMW84REZUdnY0d2NkZ2owQkh3,2025-09-14 01:00:39.278336+00:00,Nelson Maita,UCyrXdQjhd3bbBYzvENn482Q,False,False,False,bisca b√°r√ßa ‚ù§Ô∏è‚ù§Ô∏è‚ù§Ô∏è‚ù§Ô∏èüíôüíôüíô‚ù§Ô∏è
LCC.EhwKGkNJbm5xUG1OMW84REZRVENsQWtkZ25RMlN3,2025-09-14 01:00:39.517656+00:00,Lidia Garc√≠a,UC8c6gxZJpuS5Or74lPTE8ng,False,False,False,ü§çüôåü§çüôåü§çüôåü§çüôèü§çüôèü§çüôåü´∂ü´∂ü´∂ü´∂ü´∂ü´∂ü§çü§çü§çü§çü§çü§çü§çü§çü§çü§çü§çü§çü§çü§çü§çü§çü§çü§ç
LCC.EhwKGkNOUzBvUHFOMW84REZkUURyUVlkclBBdnZB,2025-09-14 01:00:41.478732+00:00,Oswaldo castro,UCbJUq6FuJ-1a4aCYeRcA4cA,False,False,False,Desde Honduras!!! HALA Madrid!!!
LCC.EhwKGkNMem15dnFOMW84REZkb0YxZ0FkMTRzOUR3,2025-09-14 01:00:42.171934+00:00,Lenni Rodriguez Yero,UCmMWatRDzHW1OKlpBeG1s-Q,False,False,False,hala Madrid
LCC.EhwKGkNLalFqdnlOMW84REZYZ0gxZ0FkcEpBQUdB,2025-09-14 01:00:45.381822+00:00,wiamnaturelüåºüåº,UC9QttXbceiEz9G14SHaFRFQ,False,False,False,listo me suscribi
LCC.EhwKGkNJMjNtdnlOMW84REZhM1VGZ2tkY0RrWDFR,2025-09-14 01:00:45.574252+00:00,cabala gol,UCqSTtGz9tX6kwcYaS6Z_ueQ,False,False,False,o cuando colo colo domo a los argentinos en el 91
LCC.EhwKGkNNak1uUDJOMW84REZVS0U1UWNkamxzSWxB,2025-09-14 01:00:47.709266+00:00,Guadalupe Perdomo,UCKhbbSPnBUyPsinM_IFHMsw,False,False,False,üí™üí™üí™üí™
LCC.EhwKGkNPcTN0ZjZOMW84REZjY0sxZ0FkcFUwaG5n,2025-09-14 01:00:50.217663+00:00,Maestro Miguel,UCbVU3M5q5CiK1DVl7TeJsug,False,False,False,"Vamos Madrid, con todos e; contra"
LCC.EhwKGkNNYjY1djZOMW84REZlb0wxZ0FkNkJzeTRR,2025-09-14 01:00:51.023108+00:00,yaisa lucky,UCOs7yuiJ8ZVsW1k2trnB0xA,False,False,False,hala madrid
LCC.EhwKGkNLRGEwXy1OMW84REZaYTdyZ1VkTHA0OFln,2025-09-14 01:00:52.803081+00:00,Luigi Borges,UCyZG_VEiLrw7NuPtzzYFecw,False,False,False,saludame Salom√≥n
LCC.EhwKGkNLekoySUtPMW84REZmejZsQWtkeWJnY1ln,2025-09-14 01:00:59.175223+00:00,Nohemy Gallardo,UC9cLERsKR6ppbDt_H8ffJug,False,False,False,vamos Real
LCC.EhwKGkNMN2t6b1NPMW84REZUYTZyZ1VkNjF3NWJn,2025-09-14 01:01:03.208364+00:00,Yuri Garcia,UCWwMFkCnRLSRWYXLt8xgw9g,False,False,False,Hala madrid ü§ç üíØ
LCC.EhwKGkNKV2s4WVNPMW84REZmejZsQWtkeWJnY1ln,2025-09-14 01:01:03.774756+00:00,Luigi Borges,UCyZG_VEiLrw7NuPtzzYFecw,False,False,False,saludame Salom√≥n
LCC.EhwKGkNNbWkzb1dPMW84REZTVUYxZ0FkM1dnN1NR,2025-09-14 01:01:05.560767+00:00,Miguel Jimenez Gonzalez,UCDa2yPDNtnD2mHa9Bpmkfhg,False,False,False,"Todos los equipos al 200 x 100 contra el Madrid, aunque bajen a segunda"
LCC.EhwKGkNMMzQwSWVPMW84REZRY0wxZ0FkbFBncWZR,2025-09-14 01:01:09.536145+00:00,yaisa lucky,UCOs7yuiJ8ZVsW1k2trnB0xA,False,False,False,vamos vamos madrid
LCC.EhwKGkNKaXUwWWlPMW84REZZZThyZ1VkQUNrTU1B,2025-09-14 01:01:11.639272+00:00,Luigi Borges,UCyZG_VEiLrw7NuPtzzYFecw,False,False,False,saludame Salom√≥n
LCC.EhwKGkNMbnJ4NG1PMW84REZiaTdyZ1VkS1BVbjNB,2025-09-14 01:01:13.579395+00:00,franco antonio suarez,UC-hlHULp_1U0ZqEW-W9i3vA,False,False,False,que dices !? no ves que el Madrid est√° jugando con uno menos üôÑ
LCC.EhwKGkNQS01nb3VPMW84REZhMlQ1UWNkTzdnZnBR,2025-09-14 01:01:16.632862+00:00,Rosa Guzman,UC7fd6DXqZYk8AaVKw6-Xzng,False,False,False,VAMOS REAL MADRID
LCC.EhwKGkNOVElpNHVPMW84REZhWEFsQWtkbUxVMERn,2025-09-14 01:01:16.787837+00:00,Luigi Borges,UCyZG_VEiLrw7NuPtzzYFecw,False,False,False,saludame Salom√≥n
LCC.EhwKGkNQUG1rb3lPMW84REZkZmNsQWtkd21VbC1n,2025-09-14 01:01:19.002414+00:00,rbn bkrüòë,UCv3rPZ_oJS-EbSQBvNJp8cg,False,False,False,vamos real madridüíØüíØüíØüíØ
LCC.EhwKGkNLTFIxWTZPMW84REZZZThyZ1VkQUNrTU1B,2025-09-14 01:01:24.291896+00:00,Luigi Borges,UCyZG_VEiLrw7NuPtzzYFecw,False,False,False,saludame Salom√≥n
LCC.EhwKGkNLUDFrcENPMW84REZUYTZyZ1VkNjF3NWJn,2025-09-14 01:01:27.392844+00:00,Miguel Ram√≠rez ,UCZoa13ER4jyWppId4AedxZg,False,False,False,bamos real sosied
LCC.EhwKGkNMNnQwNUNPMW84REZlb0wxZ0FkNkJzeTRR,2025-09-14 01:01:28.451861+00:00,luul Cabdi.üïãüïã,UC1r2fXfDLN_cxGI4BkE38Aw,False,False,False,Hala Madrid
LCC.EhwKGkNQamZ5WkdPMW84REZjN0x3Z1FkaWdBZVZ3,2025-09-14 01:01:30.388326+00:00,Ariel Salluca,UCUDP0_BNzFNDPhtBEbM4zFw,False,False,False,vamos Madrid
LCC.EhwKGkNLN0UxNUdPMW84REZUdnY0d2NkZ2owQkh3,2025-09-14 01:01:30.614838+00:00,Luigi Borges,UCyZG_VEiLrw7NuPtzzYFecw,False,False,False,saludame Salom√≥n
LCC.EhwKGkNOTEJzSktPMW84REZZZThyZ1VkQUNrTU1B,2025-09-14 01:01:32.073211+00:00,Jose Garcia,UCfih_cE4ruWy7MbLVkeaesg,False,False,False,Vamos madrid ataca
LCC.EhwKGkNJWHotWktPMW84REZiZk53Z1FkcTFZcDFB,2025-09-14 01:01:33.274826+00:00,Leonel Ochoa,UC0KbdkpTum4JtJuq1kBv77A,False,False,False,saludos amigos excelente transmisi√≥n
LCC.EhwKGkNKRzlxSldPMW84REZiaTdyZ1VkS1BVbjNB,2025-09-14 01:01:38.235372+00:00,Camilo Qui√±onez,UCfnbVWhphmu7QaTRC2Q1j1g,False,False,False,vamos
LCC.EhwKGkNOSEh4NVdPMW84REZmVERsQWtkV09jQnNn,2025-09-14 01:01:38.740751+00:00,Luigi Borges,UCyZG_VEiLrw7NuPtzzYFecw,False,False,False,saludame Salom√≥n
LCC.EhwKGkNOanE1SldPMW84REZiaTdyZ1VkS1BVbjNB,2025-09-14 01:01:39.220249+00:00,Warning Bros_,UCU6-IJZyVc3U9yNSDGLSvrw,False,False,False,AGUANTE REAL MADRID:yougotthis::yougotthis::yougotthis:
LCC.EhwKGkNQVzAwSmlPMW84REZUdnY0d2NkZ2owQkh3,2025-09-14 01:01:45.178205+00:00,Miguel Ram√≠rez ,UCZoa13ER4jyWppId4AedxZg,False,False,False,en pata
LCC.EhwKGkNQS1gzcGlPMW84REZZVzdyZ1VkNndVMm9R,2025-09-14 01:01:45.405437+00:00,Luigi Borges,UCyZG_VEiLrw7NuPtzzYFecw,False,False,False,saludame Salom√≥n
LCC.EhwKGkNLZVo2SmlPMW84REZRRUgxZ0FkLU5NUHp3,2025-09-14 01:01:45.567199+00:00,Maestro Miguel,UCbVU3M5q5CiK1DVl7TeJsug,False,False,False,El tipo est√° deseando que empate la Real.
LCC.EhwKGkNLUy1rWm1PMW84REZjN0h3Z1FkWjdzdzdn,2025-09-14 01:01:46.245888+00:00,gabriel friaz,UCS1n93k2rKl9JDeRYSe70iQ,False,False,False,est√° Mastantuono?
LCC.EhwKGkNKUEhtcG1PMW84REZUdnY0d2NkZ2owQkh3,2025-09-14 01:01:46.392559+00:00,Angel Jes√∫s Garc√≠a ,UCy82cpVPG9C8CgufvN1A1wA,False,False,False,:finger-red-number-one:
LCC.EhwKGkNMT2xuNXVPMW84REZXTENsQWtkNFlJNmtB,2025-09-14 01:01:50.665806+00:00,Maikol Amir Garc√≠a Basulto,UCibInUFT7HMVxi302ThmGew,False,False,False,sisi
LCC.EhwKGkNMdVJ1SnVPMW84REZhWEFsQWtkbUxVMERn,2025-09-14 01:01:51.072113+00:00,Luigi Borges,UCyZG_VEiLrw7NuPtzzYFecw,False,False,False,saludame
LCC.EhwKGkNLVDgzNTZPMW84REZYVEN3Z1FkMm9BUkN3,2025-09-14 01:01:58.016103+00:00,Lenni Rodriguez Yero,UCmMWatRDzHW1OKlpBeG1s-Q,False,False,False,gol 90
LCC.EhwKGkNNR1Q2NS1PMW84REZRbmJsQWtkUTdzTHl3,2025-09-14 01:02:00.300107+00:00,Miguel Ram√≠rez ,UCZoa13ER4jyWppId4AedxZg,False,False,False,los be
LCC.EhwKGkNMX2otcC1PMW84REZVZlRsQWtkeV9BaWtB,2025-09-14 01:02:00.553545+00:00,Luigi Borges,UCyZG_VEiLrw7NuPtzzYFecw,False,False,False,90+3
LCC.EhwKGkNNT1ExYUNPMW84REZhUFJsQWtkaHd3M01n,2025-09-14 01:02:02.032507+00:00,Warning Bros_,UCU6-IJZyVc3U9yNSDGLSvrw,False,False,False,GANA MADRID 2-1
LCC.EhwKGkNQZkI5NkNPMW84REZVVzNyZ1VkcXY4dHBR,2025-09-14 01:02:02.595149+00:00,Lidia Garc√≠a,UC8c6gxZJpuS5Or74lPTE8ng,False,False,False,Gana Madrid
LCC.EhwKGkNLZUJ0S0dPMW84REZaOEsxZ0FkSUY4d3RR,2025-09-14 01:02:03.586431+00:00,Cocotera Prod,UC36Mj213n6j6S4xSGeRv5iw,False,False,False,esta de patata
LCC.EhwKGkNNcnV3cUdPMW84REZWU1Q1UWNkd3pZRWxR,2025-09-14 01:02:03.830536+00:00,Alejandro Gonzalez,UCzDBdfyPvIIoikj5XhrnfoQ,False,False,False,gol 92 de kilki
LCC.EhwKGkNJT0w2YUdPMW84REZWU1Q1UWNkd3pZRWxR,2025-09-14 01:02:04.457110+00:00,Rosa Guzman,UC7fd6DXqZYk8AaVKw6-Xzng,False,False,False,VAMOS POR EL TERCERO
LCC.EhwKGkNLT0drS0tPMW84REZTREV3Z1FkSlNzZlp3,2025-09-14 01:02:05.096543+00:00,Melanie Marti,UCuHF8IiAvXcyPiHdggMUmWA,False,False,False,90 gol madrid
LCC.EhwKGkNMbmw0S0tPMW84REZVVzNyZ1VkcXY4dHBR,2025-09-14 01:02:06.418300+00:00,Reyshell Soza,UCvhFeJHbfRj8LH53mOwoq8w,False,False,False,nooo del real so noooo
LCC.EhwKGkNQNmx0S09PMW84REZaRE00d2NkYlhRYnRB,2025-09-14 01:02:07.785682+00:00,franco antonio suarez,UC-hlHULp_1U0ZqEW-W9i3vA,False,False,False,y con la real sociedad que juega en casa y es un equipo arrecho.....y adem√°s con el √°rbitro en contra.
LCC.EhwKGkNLcnc2YU9PMW84REZVZlRsQWtkeV9BaWtB,2025-09-14 01:02:08.664572+00:00,Eimy lauren ,UCvt1Tbvy5IM7NJ9UYjEEMmA,False,False,False,saluda a natay
LCC.EhwKGkNOR0w0S1NPMW84REZjN0h3Z1FkWjdzdzdn,2025-09-14 01:02:10.601233+00:00,gabriel friaz,UCS1n93k2rKl9JDeRYSe70iQ,False,False,False,est√° Mastantuono?
LCC.EhwKGkNJVy01NlNPMW84REZRVUsxZ0FkUjFzSkZ3,2025-09-14 01:02:10.723227+00:00,Georgina,UCXidz86q0LJGk7Czgy8fTqQ,False,False,False,holaaa
LCC.EhwKGkNJQzI2S1NPMW84REZXTENsQWtkNFlJNmtB,2025-09-14 01:02:10.737523+00:00,Everth Soteldo,UCm1CuaNrBIG_nTPIi9SKvNA,False,False,False,86
LCC.EhwKGkNLcmVnS1dPMW84REZkZmNsQWtkd21VbC1n,2025-09-14 01:02:11.135498+00:00,Lidia Garc√≠a,UC8c6gxZJpuS5Or74lPTE8ng,False,False,False,Madrid gana
LCC.EhwKGkNMeW94S1dPMW84REZZZThyZ1VkQUNrTU1B,2025-09-14 01:02:12.243193+00:00,Yon Silvia,UCXe2EM-nE1K4Ypq39JGoGIA,False,False,False,saludos desde Venezuela
LCC.EhwKGkNPR1g2S1dPMW84REZRckR3Z1FkOXRRZzFR,2025-09-14 01:02:12.831014+00:00,Maikol Amir Garc√≠a Basulto,UCibInUFT7HMVxi302ThmGew,False,False,False,86
LCC.EhwKGkNPU0Q3YVdPMW84REZkb0YxZ0FkMTRzOUR3,2025-09-14 01:02:12.910127+00:00,Cristina Molodowicz Hrabrova,UCGGrj16VLIHblDBtU_fJdWw,False,False,False,ala madrid
LCC.EhwKGkNJX1ktS1dPMW84REZYVEN3Z1FkMm9BUkN3,2025-09-14 01:02:13.101126+00:00,fan_de_ronaldo7,UCbe3z_9qHE5X5aspg-nPrWQ,False,False,False,en el 90 real madrid
LCC.EhwKGkNPUE1oS2FPMW84REZadkZGZ2tkTW44dVBR,2025-09-14 01:02:13.296841+00:00,cabala gol,UCqSTtGz9tX6kwcYaS6Z_ueQ,False,False,False,migel relax esto no pasara
LCC.EhwKGkNPSzQ2S2FPMW84REZVVzNyZ1VkcXY4dHBR,2025-09-14 01:02:14.932436+00:00,Sergio Jim√©nez,UCkblT2BtckzVBgcBBAdYmUA,False,False,False,Buena transmisi√≥n esa es la actitud
LCC.EhwKGkNKNlNoNmVPMW84REZkNHYxZ0FkMFVzYnJR,2025-09-14 01:02:15.434615+00:00,Eimy lauren ,UCvt1Tbvy5IM7NJ9UYjEEMmA,False,False,False,saluda a nataly
LCC.EhwKGkNONkpxNmVPMW84REZTdkw0d2NkalRvS09n,2025-09-14 01:02:16.023632+00:00,Angel Jes√∫s Garc√≠a ,UCy82cpVPG9C8CgufvN1A1wA,False,False,False,1 del real Madrid minuto 88
LCC.EhwKGkNKU0tyYWVPMW84REZhQzdyZ1VkakpvTTJ3,2025-09-14 01:02:16.057246+00:00,David Sicajau,UC1A_1a4mkSFn3q9bquDVU6g,False,False,False,vamos real madrid
LCC.EhwKGkNPdkczNmVPMW84REZlQ1A1UWNkT0E0U29R,2025-09-14 01:02:16.884194+00:00,Nayeli Garcia,UCExlMPeUWpXVa-qxjGe8H8g,False,False,False,vamos real Madrid vamos üëäüèªüòÆ‚Äçüí®
LCC.EhwKGkNJM2cxYWlPMW84REZiTUgxZ0Fkc1pZQnVB,2025-09-14 01:02:18.820704+00:00,Rosa Sanchez,UCK255RCLJyHVE9GEdMuhUPA,False,False,False,un golllllllll m√°s siiii claro que s√≠ii.... vamossss RMA ü§çü§çü§ç
LCC.EhwKGkNPNmg3S21PMW84REZjbnM0d2NkZllNd19B,2025-09-14 01:02:21.288000+00:00,Eimy lauren ,UCvt1Tbvy5IM7NJ9UYjEEMmA,False,False,False,saluda a naty
LCC.EhwKGkNNell1S3FPMW84REZZVzdyZ1VkNndVMm9R,2025-09-14 01:02:22.537680+00:00,Lidia Garc√≠a,UC8c6gxZJpuS5Or74lPTE8ng,False,False,False,ü§çü§çü§çü§çü§çü§çü§çü§çü§çü§çü§çü§çü§çü§çü§çü§çü§çü§çü§çü§çü§çü§çü§çü§çü§çü§çü§ç
LCC.EhwKGkNKZlBzNnVPMW84REZWbkN3Z1FkaTdVOXJR,2025-09-14 01:02:24.552915+00:00,Maria concepcion Gutierrez de los santos,UC8zhSafvBVxdPsBm-ZqhUVQ,False,False,False,Hala madrid
LCC.EhwKGkNQU3JucXlPMW84REZSaUVyZ1VkVU1BT1B3,2025-09-14 01:02:26.300588+00:00,Miguel Ram√≠rez ,UCZoa13ER4jyWppId4AedxZg,False,False,False,en pata Sosied
LCC.EhwKGkNQZVh4NnlPMW84REZUYTZyZ1VkNjF3NWJn,2025-09-14 01:02:26.968797+00:00,Yon Silvia,UCXe2EM-nE1K4Ypq39JGoGIA,False,False,False,:hand-pink-waving:
LCC.EhwKGkNJT2N5SzJPMW84REZTREV3Z1FkSlNzZlp3,2025-09-14 01:02:29.086307+00:00,Eimy lauren ,UCvt1Tbvy5IM7NJ9UYjEEMmA,False,False,False,saluda a nati
LCC.EhwKGkNMMmwtcTZPMW84REZaOEsxZ0FkSUY4d3RR,2025-09-14 01:02:32.004577+00:00,Maestro Miguel,UCbVU3M5q5CiK1DVl7TeJsug,False,False,False,Desde el minuto 34 con uno menos¬° que quieren
LCC.EhwKGkNOakN0YS1PMW84REZXT1o1UWNkektNdXpR,2025-09-14 01:02:32.971251+00:00,Emmanuel Zetina Carranza,UCFtm8wJ9XHpGG47oqewd_3g,False,False,False,ya no pasa nada en ese juego asi queda
LCC.EhwKGkNPaWV1Sy1PMW84REZkZmNsQWtkd21VbC1n,2025-09-14 01:02:33.015874+00:00,Miguel Ram√≠rez ,UCZoa13ER4jyWppId4AedxZg,False,False,False,ü§çüíô
LCC.EhwKGkNLLXZ3YS1PMW84REZaYTdyZ1VkTHA0OFln,2025-09-14 01:02:33.179058+00:00,Rufino Sanchez,UCJIVOosIXexRUVB_ZS7HGZA,False,False,False,saludos cordiales desde Guatemala apoyando al real Madrid
LCC.EhwKGkNOU2V5Sy1PMW84REZTSXQxZ0FkWUpFR0tn,2025-09-14 01:02:33.287667+00:00,Georgina,UCXidz86q0LJGk7Czgy8fTqQ,False,False,False,hola
LCC.EhwKGkNNYlgwSy1PMW84REZRVENsQWtkZ25RMlN3,2025-09-14 01:02:33.416620+00:00,Reyshell Soza,UCvhFeJHbfRj8LH53mOwoq8w,False,False,False,el real so noooooo
LCC.EhwKGkNLdUYtYS1PMW84REZWUER3Z1FkV3VNazdn,2025-09-14 01:02:34.078587+00:00,gabriel friaz,UCS1n93k2rKl9JDeRYSe70iQ,False,False,False,est√°s jugando Mastantuono?
LCC.EhwKGkNOYWRxYkNPMW84REZkNHYxZ0FkMFVzYnJR,2025-09-14 01:02:34.878177+00:00,wiamnaturelüåºüåº,UC9QttXbceiEz9G14SHaFRFQ,False,False,False,muchas gracias por saludarme
LCC.EhwKGkNNbUw3N0NPMW84REZjSXQxZ0FkLTRNRVBR,2025-09-14 01:02:36.013893+00:00,Eimy lauren ,UCvt1Tbvy5IM7NJ9UYjEEMmA,False,False,False,saluda a naty
LCC.EhwKGkNJdnA3TEtPMW84REZlZlNsQWtkMEdFanlR,2025-09-14 01:02:40.169595+00:00,Eneth Delgado,UCIG-BIIjj2bhu8VtisvmZMw,False,False,False,saludame
LCC.EhwKGkNKYkxtYk9PMW84REZWYk1GZ2tkMWYwMTJB,2025-09-14 01:02:40.902926+00:00,cabala gol,UCqSTtGz9tX6kwcYaS6Z_ueQ,False,False,False,HALA MADRID
LCC.EhwKGkNMS0t5Yk9PMW84REZUc0gxZ0FkTlp3VVV3,2025-09-14 01:02:41.688840+00:00,Georgina,UCXidz86q0LJGk7Czgy8fTqQ,False,False,False,hola
LCC.EhwKGkNLV1M1TFdPMW84REZhSXUxZ0FkSXVBbUdR,2025-09-14 01:02:46.320678+00:00,Georgina,UCXidz86q0LJGk7Czgy8fTqQ,False,False,False,hola
LCC.EhwKGkNJdThucmFPMW84REZUYkR3Z1FkZzk0RkZR,2025-09-14 01:02:47.275722+00:00,Eimy lauren ,UCvt1Tbvy5IM7NJ9UYjEEMmA,False,False,False,saluda a nati
LCC.EhwKGkNNUFZ5N2FPMW84REZWbkN3Z1FkaTdVOXJR,2025-09-14 01:02:48.014284+00:00,OliHolis,UCj8zeGUWTHonh0mmCycl1sg,False,False,False,si adivino pones la la pantalla jajaja la real empata al minuto 90+2 y pon
LCC.EhwKGkNJQ28xYmVPMW84REZRRUgxZ0FkLU5NUHp3,2025-09-14 01:02:50.270408+00:00,Hamady Disco,UC0T4E2T-x5eytrP-Yo80Vbw,False,False,False,ereslemegor
LCC.EhwKGkNNZXI2cmVPMW84REZlb1gxZ0FkRUJJMVVR,2025-09-14 01:02:50.615149+00:00,Georgina,UCXidz86q0LJGk7Czgy8fTqQ,False,False,False,hola
LCC.EhwKGkNJdXItYmVPMW84REZXTENsQWtkNFlJNmtB,2025-09-14 01:02:50.862457+00:00,David Sicajau,UC1A_1a4mkSFn3q9bquDVU6g,False,False,False,ü©µü§çü§çüíúüíúüíúüíõüíõüíõüëåüëå
LCC.EhwKGkNOWDZoYnVPMW84REZkNHYxZ0FkMFVzYnJR,2025-09-14 01:02:57.359269+00:00,ella koffi,UCZXNqn-dutvpiqeym7eS0_w,False,False,False,ü´Äü´Äü´Äüò™üò™üò™üò∑üò∑üò∑ü•µü•µü•µ
LCC.EhwKGkNQNnJucjJPMW84REZSRU4xZ0FkSThRSDFR,2025-09-14 01:03:01.954238+00:00,Georgina,UCXidz86q0LJGk7Czgy8fTqQ,False,False,False,hola
LCC.EhwKGkNNQ1ltTC1PMW84REZYZ3YxZ0FkYlg0NmF3,2025-09-14 01:03:06.047316+00:00,Georgina,UCXidz86q0LJGk7Czgy8fTqQ,False,False,False,hola
LCC.EhwKGkNPbnUyNy1PMW84REZaYkh3Z1FkVk5BVTJR,2025-09-14 01:03:07.157250+00:00,Maikol Amir Garc√≠a Basulto,UCibInUFT7HMVxi302ThmGew,False,False,False,hola
LCC.EhwKGkNJZWxuOENPMW84REZha2lMd2dkZXkwaGxn,2025-09-14 01:03:08.260257+00:00,Rosa Guzman,UC7fd6DXqZYk8AaVKw6-Xzng,False,False,False,REAL MADRID
LCC.EhwKGkNKZW8tOENPMW84REZkVUoxZ0FkNmhRdnFB,2025-09-14 01:03:09.766915+00:00,Georgina,UCXidz86q0LJGk7Czgy8fTqQ,False,False,False,hola
LCC.EhwKGkNKZmtfc0dPMW84REZkd0kxZ0FkY19BNWZn,2025-09-14 01:03:11.923361+00:00,Miguel Jimenez Gonzalez,UCDa2yPDNtnD2mHa9Bpmkfhg,False,False,False,"La Real sociedad achucha m√°s que una letra con gastos amigos, Hala Madrid"
LCC.EhwKGkNQdm0tTUtPMW84REZaYTdyZ1VkTHA0OFln,2025-09-14 01:03:13.931160+00:00,Eimy lauren ,UCvt1Tbvy5IM7NJ9UYjEEMmA,False,False,False,naty
LCC.EhwKGkNPNmpfc0tPMW84REZUdnY0d2NkZ2owQkh3,2025-09-14 01:03:14.009677+00:00,Eneth Delgado,UCIG-BIIjj2bhu8VtisvmZMw,False,False,False,Salom√≥n saludame
LCC.EhwKGkNQdVN1c1NPMW84REZhUFJsQWtkaHd3M01n,2025-09-14 01:03:17.088247+00:00,Ernesto Mart√≠nez,UCiB5e-mesLWXtMTepz4OwgQ,False,False,False,:hand-orange-covering-eyes::face-turquoise-covering-eyes::finger-red-number-one:
LCC.EhwKGkNLRFAtTVdPMW84REZUdnY0d2NkZ2owQkh3,2025-09-14 01:03:20.208119+00:00,Eimy lauren ,UCvt1Tbvy5IM7NJ9UYjEEMmA,False,False,False,naty.
LCC.EhwKGkNNajI3Y2FPMW84REZabUI1UWNkRTA4SzV3,2025-09-14 01:03:22.135311+00:00,Nayeli Garcia,UCExlMPeUWpXVa-qxjGe8H8g,False,False,False,vamos real Madrid vamos 3 vamooooo
LCC.EhwKGkNMdVIyOGlPMW84REZka0l5d1FkV2hzMlNn,2025-09-14 01:03:26.021821+00:00,Eimy lauren ,UCvt1Tbvy5IM7NJ9UYjEEMmA,False,False,False,saluda a nati
LCC.EhwKGkNPWE5uTXVPMW84REZUYkR3Z1FkZzk0RkZR,2025-09-14 01:03:31.284699+00:00,Eimy lauren ,UCvt1Tbvy5IM7NJ9UYjEEMmA,False,False,False,saluda a naty
LCC.EhwKGkNQeXB1TTJPMW84REZlb0wxZ0FkNkJzeTRR,2025-09-14 01:03:35.931954+00:00,Eimy lauren ,UCvt1Tbvy5IM7NJ9UYjEEMmA,False,False,False,saluda anaty
LCC.EhwKGkNOQ0J6TTJPMW84REZUdnY0d2NkZ2owQkh3,2025-09-14 01:03:36.256266+00:00,Oswaldo castro,UCbJUq6FuJ-1a4aCYeRcA4cA,False,False,False,desde Honduras!!! HALA MADRID!!!
LCC.EhwKGkNKbW1nYzZPMW84REZXazZzd0FkTnJJbGtn,2025-09-14 01:03:37.128134+00:00,Reyshell Soza,UCvhFeJHbfRj8LH53mOwoq8w,False,False,False,real so noooüòÖ
LCC.EhwKGkNMX0puYzZPMW84REZXT1o1UWNkektNdXpR,2025-09-14 01:03:37.593395+00:00,Rosa Guzman,UC7fd6DXqZYk8AaVKw6-Xzng,False,False,False,EXCELENTE NARRACI√ìN CHICOS COMO SIEMPRE
LCC.EhwKGkNLelZ3ODZPMW84REZRVUsxZ0FkUjFzSkZ3,2025-09-14 01:03:38.216976+00:00,Maikol Amir Garc√≠a Basulto,UCibInUFT7HMVxi302ThmGew,False,False,False,el madrid va a ganar
LCC.EhwKGkNNdjBwTS1PMW84REZmTzdyZ1VkQzNVWm9R,2025-09-14 01:03:39.809457+00:00,David Sicajau,UC1A_1a4mkSFn3q9bquDVU6g,False,False,False,hala madrid salludo de guatemala
LCC.EhwKGkNNVHRfTS1PMW84REZRckR3Z1FkOXRRZzFR,2025-09-14 01:03:41.249187+00:00,Eimy lauren ,UCvt1Tbvy5IM7NJ9UYjEEMmA,False,False,False,saluda a naty
LCC.EhwKGkNJcngtdENPMW84REZYU2g1UWNkN0FzMkJB,2025-09-14 01:03:43.314910+00:00,Nayeli Garcia,UCExlMPeUWpXVa-qxjGe8H8g,False,False,False,vamos por el 3 vamooo madrid
LCC.EhwKGkNQSzFyZEdPMW84REZaYTdyZ1VkTHA0OFln,2025-09-14 01:03:44.148304+00:00,Oswaldo castro,UCbJUq6FuJ-1a4aCYeRcA4cA,False,False,False,desde Honduras!!! HALA MADRID!!!
LCC.EhwKGkNPdjY2ZEdPMW84REZUX1FsQWtkTjJFNUZ3,2025-09-14 01:03:45.133405+00:00,Warning Bros_,UCU6-IJZyVc3U9yNSDGLSvrw,False,False,False,Saludos a Naty Eimy
LCC.EhwKGkNKaUV0TktPMW84REZmejZsQWtkeWJnY1ln,2025-09-14 01:03:46.353766+00:00,Angel Jes√∫s Garc√≠a ,UCy82cpVPG9C8CgufvN1A1wA,False,False,False,minuto 88 gol
LCC.EhwKGkNJRElnZFdPMW84REZiTUgxZ0Fkc1pZQnVB,2025-09-14 01:03:51.814565+00:00,Maikol Amir Garc√≠a Basulto,UCibInUFT7HMVxi302ThmGew,False,False,False,sal√∫dame
LCC.EhwKGkNQbmo1OWFPMW84REZVVzNyZ1VkcXY4dHBR,2025-09-14 01:03:55.584353+00:00,Oswaldo castro,UCbJUq6FuJ-1a4aCYeRcA4cA,False,False,False,desde Honduras!!! HALA MADRID!!!
LCC.EhwKGkNPeXZuOWVPMW84REZhQzdyZ1VkakpvTTJ3,2025-09-14 01:03:56.496905+00:00,rbn bkrüòë,UCv3rPZ_oJS-EbSQBvNJp8cg,False,False,False,vamos real madridüíØüíØüíØüíØüíØüíØüíØüíØüíØüíØüíØüíØüíØüíØüíØüíØüíØüíØüíØüíØüíØüíØüíØüíØüíØüíØüíØüíØüíØüíØüíØüíØüíØüíØüíØ
LCC.EhwKGkNNbS12dGVPMW84REZUc0gxZ0FkTlp3VVV3,2025-09-14 01:03:57.007025+00:00,yaisa lucky,UCOs7yuiJ8ZVsW1k2trnB0xA,False,False,False,hala madrid
LCC.EhwKGkNOcVp4OWVPMW84REZRZkR3Z1FkU0lNdXJR,2025-09-14 01:03:57.148270+00:00,Aladino Leiva Estrada,UC7_WyxpKpvLraGma3evdZVg,False,False,False,hola saludos desde Per√∫
LCC.EhwKGkNJcjhfOWlPMW84REZVVzNyZ1VkcXY4dHBR,2025-09-14 01:04:00.175851+00:00,Jose Garcia,UCfih_cE4ruWy7MbLVkeaesg,False,False,False,el ultimo gollll de madri solo whache
LCC.EhwKGkNMVzBnTm1PMW84REZWRUF5d1FkU0ZJRnRn,2025-09-14 01:04:00.183597+00:00,wiamnaturelüåºüåº,UC9QttXbceiEz9G14SHaFRFQ,False,False,False,ya me suscribi gracias por saludarme antes
LCC.EhwKGkNQZng1dHFPMW84REZWalRsQWtkZHZvT1pR,2025-09-14 01:04:03.958650+00:00,Oswaldo castro,UCbJUq6FuJ-1a4aCYeRcA4cA,False,False,False,desde Honduras!!! HALA MADRID!!!
LCC.EhwKGkNMWDU5OXVPMW84REZRRUgxZ0FkLU5NUHp3,2025-09-14 01:04:06.339271+00:00,Maikol Amir Garc√≠a Basulto,UCibInUFT7HMVxi302ThmGew,False,False,False,sal√∫dame
LCC.EhwKGkNMR3F6dDJPMW84REZYU2g1UWNkN0FzMkJB,2025-09-14 01:04:09.848812+00:00,Nayeli Garcia,UCExlMPeUWpXVa-qxjGe8H8g,False,False,False,vamos por 3 Madrid vamooo
LCC.EhwKGkNPLVZqOTZPMW84REZiQUsxZ0FkN3ljeUR3,2025-09-14 01:04:10.910061+00:00,just sillyXD,UCEuUi9_6o-pqSByqQwuO9DA,False,False,False,ŸáŸÑÿß
LCC.EhwKGkNNcW9zTi1PMW84REZUYTZyZ1VkNjF3NWJn,2025-09-14 01:04:13.549814+00:00,Lidia Garc√≠a,UC8c6gxZJpuS5Or74lPTE8ng,False,False,False,Vamos mejor portero ü§çü§çü§çü§çü§çü§çü§çü§çü§çü§çü§çü§çü§çü§çü§çüôèüôèüôèüôèü§çü§çü§çü§çü§çü§çü´∂del mundo
LCC.EhwKGkNQeXEzdC1PMW84REZiQUsxZ0FkN3ljeUR3,2025-09-14 01:04:14.309436+00:00,Yadixny Rodriguez,UCDJtSNLIQW0CmZtxDA7ZwnA,False,False,False,saluda a yady porfaaa
LCC.EhwKGkNKbmY1OS1PMW84REZmVERsQWtkV09jQnNn,2025-09-14 01:04:14.458444+00:00,Eneth Delgado,UCIG-BIIjj2bhu8VtisvmZMw,False,False,False,Salom√≥n saludame
LCC.EhwKGkNQMnY5dUNPMW84REZhSXUxZ0FkSXVBbUdR,2025-09-14 01:04:16.795637+00:00,Luis Le√≥n,UC0nKdC7NAWQalsOtiAA5Tfg,False,False,False,Lu√≠s
LCC.EhwKGkNONzB5dUtPMW84REZUYkR3Z1FkZzk0RkZR,2025-09-14 01:04:20.277157+00:00,Maikol Amir Garc√≠a Basulto,UCibInUFT7HMVxi302ThmGew,False,False,False,saludos
LCC.EhwKGkNNeWV5T1dPMW84REZmejZsQWtkeWJnY1ln,2025-09-14 01:04:26.526582+00:00,Oswaldo castro,UCbJUq6FuJ-1a4aCYeRcA4cA,False,False,False,desde Honduras!!! HALA MADRID!!!
LCC.EhwKGkNKT254ZWVPMW84REZkZkF3Z1FkRldzR1dB,2025-09-14 01:04:30.671704+00:00,Maikol Amir Garc√≠a Basulto,UCibInUFT7HMVxi302ThmGew,False,False,False,sal√∫dame
LCC.EhwKGkNMUFAtLWVPMW84REZTX2JsQWtkQ05nSVpB,2025-09-14 01:04:31.561376+00:00,David Sicajau,UC1A_1a4mkSFn3q9bquDVU6g,False,False,False,vamos real madrid siiuu
LCC.EhwKGkNKR2ozLXFPMW84REZSRU4xZ0FkSThRSDFR,2025-09-14 01:04:37.388007+00:00,Lorena Rodriguez,UChfzGDK1af-1LnkpHwETpMw,False,False,False,Hola
LCC.EhwKGkNJeXBsT3VPMW84REZXTENsQWtkNFlJNmtB,2025-09-14 01:04:38.259215+00:00,Oswaldo castro,UCbJUq6FuJ-1a4aCYeRcA4cA,False,False,False,desde Honduras!!! HALA MADRID!!!
LCC.EhwKGkNPYjd4ZXVPMW84REZRTTlyUVlka0dRQUNn,2025-09-14 01:04:39.070614+00:00,Aladino Leiva Estrada,UC7_WyxpKpvLraGma3evdZVg,False,False,False,ü§çü§çü§çü§çü§çü§çü§çü§çü§çü§çü§çüíØüíØüíØüíØüíØüíØüíØüíØüíØüíØüíØüíØüíØüíØüíØüíØ
LCC.EhwKGkNQNlFfT3lPMW84REZWYk1GZ2tkMWYwMTJB,2025-09-14 01:04:42.056193+00:00,Rosa Guzman,UC7fd6DXqZYk8AaVKw6-Xzng,False,False,False,VAMOS OTRO GOL
LCC.EhwKGkNNdkVtTzJPMW84REZmSER3Z1FkTnFVWU53,2025-09-14 01:04:42.522030+00:00,Yadixny Rodriguez,UCDJtSNLIQW0CmZtxDA7ZwnA,False,False,False,saludo a yadiiii porfabor
LCC.EhwKGkNQbjA2LTJPMW84REZaYTdyZ1VkTHA0OFln,2025-09-14 01:04:43.887227+00:00,Reyshell Soza,UCvhFeJHbfRj8LH53mOwoq8w,False,False,False,RMA
LCC.EhwKGkNOaThqLS1PMW84REZSTExGZ2tkRDZBWUNn,2025-09-14 01:04:46.570004+00:00,PatitasyGarritas,UCXRuQWh_2aJEtt0gfztqL7g,False,False,False,ya por dios que termine
LCC.EhwKGkNPV1gwdkNPMW84REZka0l5d1FkV2hzMlNn,2025-09-14 01:04:49.755367+00:00,Maikol Amir Garc√≠a Basulto,UCibInUFT7HMVxi302ThmGew,False,False,False,sal√∫dame
LCC.EhwKGkNNSEExdkNPMW84REZaRE00d2NkYlhRYnRB,2025-09-14 01:04:49.827407+00:00,Yon Silvia,UCXe2EM-nE1K4Ypq39JGoGIA,False,False,False,saludos desde Venezuela
LCC.EhwKGkNPYWk1ZkNPMW84REZmVUoxZ0FkdEU4N3RB,2025-09-14 01:04:50.070502+00:00,Yunet Laborde,UCY4bizloq9SF_UJP4u-l-oA,False,False,False,en el 90 m√°s 2 marca el real madrid saludos desde cuba
LCC.EhwKGkNOR2k2ZktPMW84REZYUFB3Z1FkMWVZREZn,2025-09-14 01:04:54.329336+00:00,Karina Macaya soberon,UCl7IyIBGiFse9AxAaEI3fkg,False,False,False,dale madri asta el final
LCC.EhwKGkNLV1BwX1NPMW84REZYUFB3Z1FkMWVZREZn,2025-09-14 01:04:57.448878+00:00,Aladino Leiva Estrada,UC7_WyxpKpvLraGma3evdZVg,False,False,False,saludos desde Per√∫
LCC.EhwKGkNLcl82X1dPMW84REZXazZzd0FkTnJJbGtn,2025-09-14 01:05:00.665913+00:00,Angel Jes√∫s Garc√≠a ,UCy82cpVPG9C8CgufvN1A1wA,False,False,False,vamos Hala Madrid por el 3
LCC.EhwKGkNLci03ZldPMW84REZhSXUxZ0FkSXVBbUdR,2025-09-14 01:05:00.698391+00:00,wiamnaturelüåºüåº,UC9QttXbceiEz9G14SHaFRFQ,False,False,False,:trophy-yellow-smiling::trophy-yellow-smiling::trophy-yellow-smiling::trophy-yellow-smiling::trophy-yellow-smiling:
LCC.EhwKGkNMbkFuX2lPMW84REZTSXQxZ0FkWUpFR0tn,2025-09-14 01:05:05.707874+00:00,Yadixny Rodriguez,UCDJtSNLIQW0CmZtxDA7ZwnA,False,False,False,aaa yadyyyy
LCC.EhwKGkNOcjRzUHFPMW84REZhQzdyZ1VkakpvTTJ3,2025-09-14 01:05:10.182911+00:00,rbn bkrüòë,UCv3rPZ_oJS-EbSQBvNJp8cg,False,False,False,vamos real madridüíØüíØüíØüíØüíØüíØüíØüíØüíØüíØüíØüíØüíØüíØüíØüíØüíØüíØüíØüíØüíØüíØüíØüíØ
LCC.EhwKGkNMNnJ5UHFPMW84REZTX2JsQWtkQ05nSVpB,2025-09-14 01:05:10.566626+00:00,Lenni Rodriguez Yero,UCmMWatRDzHW1OKlpBeG1s-Q,False,False,False,2
LCC.EhwKGkNLYVpnUHVPMW84REZUYTZyZ1VkNjF3NWJn,2025-09-14 01:05:11.481979+00:00,Warning Bros_,UCU6-IJZyVc3U9yNSDGLSvrw,False,False,False,Saludos a Yadiiiiii
LCC.EhwKGkNNNnVyUHVPMW84REZRY0wxZ0FkbFBncWZR,2025-09-14 01:05:12.205661+00:00,Maikol Amir Garc√≠a Basulto,UCibInUFT7HMVxi302ThmGew,False,False,False,sal√∫dame
LCC.EhwKGkNMYVN2di1PMW84REZjZk1sQWtkUUp3QmZB,2025-09-14 01:05:20.884532+00:00,Angel Jes√∫s Garc√≠a ,UCy82cpVPG9C8CgufvN1A1wA,False,False,False,5 minutos
LCC.EhwKGkNMUFM2NENQMW84REZSblRsQWtkNVZReS1R,2025-09-14 01:05:23.726404+00:00,Camilo Qui√±onez,UCfnbVWhphmu7QaTRC2Q1j1g,False,False,False,2 minuto
LCC.EhwKGkNLdmhzSU9QMW84REZWYmNsQWtkYVRRWHlR,2025-09-14 01:05:29.054261+00:00,Eneth Delgado,UCIG-BIIjj2bhu8VtisvmZMw,False,False,False,Lautaro saludame
LCC.EhwKGkNLS1BqSVNQMW84REZabUI1UWNkRTA4SzV3,2025-09-14 01:05:30.557747+00:00,Rosa Guzman,UC7fd6DXqZYk8AaVKw6-Xzng,False,False,False,ME GUSTA EL 3 1
LCC.EhwKGkNPR3F4WVdQMW84REZRTTlyUVlka0dRQUNn,2025-09-14 01:05:33.592049+00:00,Marina Mamani Ortiz,UCpxO8B4y1EMBR00SclEU_4w,False,False,False,:trophy-yellow-smiling::trophy-yellow-smiling::trophy-yellow-smiling::trophy-yellow-smiling::trophy-yellow-smiling::trophy-yellow-smiling:
LCC.EhwKGkNPdVRfWWFQMW84REZaOEsxZ0FkSUY4d3RR,2025-09-14 01:05:36.597322+00:00,Maikol Amir Garc√≠a Basulto,UCibInUFT7HMVxi302ThmGew,False,False,False,sal√∫dame
LCC.EhwKGkNMakxyWWVQMW84REZVRER3Z1FkMFdjNHhn,2025-09-14 01:05:37.391655+00:00,yaisa lucky,UCOs7yuiJ8ZVsW1k2trnB0xA,False,False,False,vamos madrid
LCC.EhwKGkNJVzV3SWVQMW84REZmVUoxZ0FkdEU4N3RB,2025-09-14 01:05:37.699751+00:00,Miguel Jimenez Gonzalez,UCDa2yPDNtnD2mHa9Bpmkfhg,False,False,False,Que termine ya por favor
LCC.EhwKGkNLT0J6SWVQMW84REZYU2g1UWNkN0FzMkJB,2025-09-14 01:05:37.899818+00:00,Alvaro Garcia,UC7LcmP6zuIo-xWw_dr18SFw,False,False,False,a la Madrid
LCC.EhwKGkNQemk1NG1QMW84REZUX1FsQWtkTjJFNUZ3,2025-09-14 01:05:42.540257+00:00,Yadixny Rodriguez,UCDJtSNLIQW0CmZtxDA7ZwnA,False,False,False,saludo a yadii hala madrid
LCC.EhwKGkNKemVpWXVQMW84REZRY0wxZ0FkbFBncWZR,2025-09-14 01:05:45.194720+00:00,wiamnaturelüåºüåº,UC9QttXbceiEz9G14SHaFRFQ,False,False,False,porque yo no salgo en la pantalla si me he suscribido
LCC.EhwKGkNPTDM2WS1QMW84REZmS1Y1UWNkeWtJNi1B,2025-09-14 01:05:55.156411+00:00,Rosa Guzman,UC7fd6DXqZYk8AaVKw6-Xzng,False,False,False,VAMOS MIS GUAPOS OTRO GOL
LCC.EhwKGkNKYV82WkNQMW84REZkb0YxZ0FkMTRzOUR3,2025-09-14 01:05:57.251664+00:00,Maestro Miguel,UCbVU3M5q5CiK1DVl7TeJsug,False,False,False,"Vamos Madrid, por ese esfuerzo merece ganar"
LCC.EhwKGkNNVGI3NVNQMW84REZmSER3Z1FkTnFVWU53,2025-09-14 01:06:05.737786+00:00,Yadixny Rodriguez,UCDJtSNLIQW0CmZtxDA7ZwnA,False,False,False,yadiiii
LCC.EhwKGkNLM013WldQMW84REZYSElGZ2tkVFo0eUxn,2025-09-14 01:06:07.078721+00:00,PatitasyGarritas,UCXRuQWh_2aJEtt0gfztqL7g,False,False,False,est√° sufriendo real Madrid
LCC.EhwKGkNNcXZ6NWFQMW84REZmVUkxZ0FkQ3BNZ3pn,2025-09-14 01:06:09.403233+00:00,Maikol Amir Garc√≠a Basulto,UCibInUFT7HMVxi302ThmGew,False,False,False,sal√∫dame
LCC.EhwKGkNLamp6NXVQMW84REZiTUgxZ0Fkc1pZQnVB,2025-09-14 01:06:19.895420+00:00,yaisa lucky,UCOs7yuiJ8ZVsW1k2trnB0xA,False,False,False,se viene gol de mbappe
LCC.EhwKGkNNYldrNXlQMW84REZjVEh3Z1FkNkZraHRR,2025-09-14 01:06:21.005985+00:00,Aladino Leiva Estrada,UC7_WyxpKpvLraGma3evdZVg,False,False,False,ala madrid:face-orange-tv-shape::face-orange-tv-shape::face-orange-tv-shape:
LCC.EhwKGkNKZjBzS0tQMW84REZXazZzd0FkTnJJbGtn,2025-09-14 01:06:34.068168+00:00,Nelson Maita,UCyrXdQjhd3bbBYzvENn482Q,False,False,False,jajajaja ü§£üòÇüòÖno puedo creer que El Rey de Espa√±a est√© en problemas por un equipo de segunda ü§£ü§£ü§£
LCC.EhwKGkNOWGVzYUtQMW84REZaRE00d2NkYlhRYnRB,2025-09-14 01:06:34.082435+00:00,franco antonio suarez,UC-hlHULp_1U0ZqEW-W9i3vA,False,False,False,vamos curtua:hand-pink-waving:
LCC.EhwKGkNNbS1tcVNQMW84REZYSElGZ2tkVFo0eUxn,2025-09-14 01:06:37.895385+00:00,Rosa Guzman,UC7fd6DXqZYk8AaVKw6-Xzng,False,False,False,VAMOS VALVERDE
LCC.EhwKGkNKV2lzYWFQMW84REZSNEsxZ0FkR0I4VW13,2025-09-14 01:06:42.462835+00:00,Maikol Amir Garc√≠a Basulto,UCibInUFT7HMVxi302ThmGew,False,False,False,gracias por decir mi nombre
LCC.EhwKGkNKNlByYWVQMW84REZRbmJsQWtkUTdzTHl3,2025-09-14 01:06:44.492608+00:00,Oswaldo castro,UCbJUq6FuJ-1a4aCYeRcA4cA,False,False,False,desde Honduras!!! HALA MADRID!!!
LCC.EhwKGkNNR3MxcW1QMW84REZmSER3Z1FkTnFVWU53,2025-09-14 01:06:49.363392+00:00,you you,UCwurcqy7oU20xrp4fa5Fz-Q,False,False,False,cuvo
LCC.EhwKGkNOT2ltYXVQMW84REZVY0lyUVlkSXBnRDdn,2025-09-14 01:06:52.555426+00:00,Jos√© Heredia,UC7OcBWL1nHqhCAPbN3hvuEQ,False,False,False,saludos para Andr√©s Aza pronto cumple a√±os madridista de Coraz√≥n de parte de su pana el chino
LCC.EhwKGkNKYi10YXVQMW84REZZVzdyZ1VkNndVMm9R,2025-09-14 01:06:53.025986+00:00,Warning Bros_,UCU6-IJZyVc3U9yNSDGLSvrw,False,False,False,HOY SALIMOS CON LOS 3 PUNTOS:yougotthis::yougotthis::yougotthis:
LCC.EhwKGkNNN0l4YkdQMW84REZTSXQxZ0FkWUpFR0tn,2025-09-14 01:07:05.866896+00:00,yaisa lucky,UCOs7yuiJ8ZVsW1k2trnB0xA,False,False,False,bueno el otro supuesto rey se las vio fea con el grandisimo levante
LCC.EhwKGkNNbnRrN1NQMW84REZmTzdyZ1VkQzNVWm9R,2025-09-14 01:07:11.342547+00:00,rbn bkrüòë,UCv3rPZ_oJS-EbSQBvNJp8cg,False,False,False,vamos mbapp√© ..... real madridüíØüíØüíØüíØüíØüíØüíØüíØüíØüíØüíØüíØüíØ
LCC.EhwKGkNKblBpTFdQMW84REZkTWtyUVlkelE4aF9B,2025-09-14 01:07:13.254704+00:00,Karina Macaya soberon,UCl7IyIBGiFse9AxAaEI3fkg,False,False,False,desde Per√∫ familia macaya Hala madri
LCC.EhwKGkNNQ0I0N2VQMW84REZjSXQxZ0FkLTRNRVBR,2025-09-14 01:07:18.930297+00:00,Hamady Disco,UC0T4E2T-x5eytrP-Yo80Vbw,False,False,False,porfavorsacamlcara
LCC.EhwKGkNKaXVrci1QMW84REZlQ1A1UWNkT0E0U29R,2025-09-14 01:07:34.387083+00:00,Guadalupe Perdomo,UCKhbbSPnBUyPsinM_IFHMsw,False,False,False,üí™üí™üí™üí™
LCC.EhwKGkNKZVU4Yi1QMW84REZaRE00d2NkYlhRYnRB,2025-09-14 01:07:35.945947+00:00,luis steven garay vega,UC_TjXb7mOzvIDvZ0YbjKAQQ,False,False,False,REAL MADRID ‚ö™Ô∏è‚ö™Ô∏è‚ö™Ô∏è‚ö™Ô∏è‚ö™Ô∏è‚ö™Ô∏èüåé‚ö™Ô∏èüåé‚ö™Ô∏èüî•üî•üè≥üè≥üíôüíôüè≥ü§çü§çüíØü§ç‚ö™Ô∏è
LCC.EhwKGkNKcjU3OE9QMW84REZSaUVyZ1VkVU1BT1B3,2025-09-14 01:07:44.307521+00:00,luis steven garay vega,UC_TjXb7mOzvIDvZ0YbjKAQQ,False,False,False,REAL MADRID ü§çü§çü§çü§çü§çü§çüåéüåéüåéüåéü§çü§çü§çüè≥üè≥
LCC.EhwKGkNLU2xpOFNQMW84REZlb0wxZ0FkNkJzeTRR,2025-09-14 01:07:44.764176+00:00,Abdelhamid Dehiba,UCy7AzHP-WP_iGt21bGwEYlg,False,False,False,Hala madrid
LCC.EhwKGkNMN1p2TWFQMW84REZmS1Y1UWNkeWtJNi1B,2025-09-14 01:07:49.767435+00:00,Rosa Guzman,UC7fd6DXqZYk8AaVKw6-Xzng,False,False,False,VAMOS DEJEN SU LIKE CHICOS
LCC.EhwKGkNJaXozOGlQMW84REZmVUkxZ0FkQ3BNZ3pn,2025-09-14 01:07:54.521891+00:00,wiamnaturelüåºüåº,UC9QttXbceiEz9G14SHaFRFQ,False,False,False,adios ya me voy
LCC.EhwKGkNPT3J5Y21QMW84REZZZThyZ1VkQUNrTU1B,2025-09-14 01:07:56.262571+00:00,yaisa lucky,UCOs7yuiJ8ZVsW1k2trnB0xA,False,False,False,vamos vamos
LCC.EhwKGkNNYmZxTXVQMW84REZWRUF5d1FkU0ZJRnRn,2025-09-14 01:07:59.918527+00:00,Abdelhamid Dehiba,UCy7AzHP-WP_iGt21bGwEYlg,False,False,False,ü•∞ü•∞ü•∞
LCC.EhwKGkNLeUJ2c3lQMW84REZlb0wxZ0FkNkJzeTRR,2025-09-14 01:08:02.364139+00:00,Ablaye Keita,UCo29bEYPtCwqp6z0hxWoofQ,False,False,False,Alkalinek√©ita üëäüëäüëäüëäüíØ‚úä:face-purple-crying:
LCC.EhwKGkNOblN1ODZQMW84REZRRUgxZ0FkLU5NUHp3,2025-09-14 01:08:06.522391+00:00,Abdelhamid Dehiba,UCy7AzHP-WP_iGt21bGwEYlg,False,False,False,üî•üî•üî•
LCC.EhwKGkNPVDkyTTZQMW84REZmTzdyZ1VkQzNVWm9R,2025-09-14 01:08:06.998463+00:00,Jenny Andrea Id√°rraga Guerra,UCdpxAmbasI5FgfFqNmxg4bA,False,False,False,Hala madrid
LCC.EhwKGkNJakl2ZE9QMW84REZWalRsQWtkZHZvT1pR,2025-09-14 01:08:17.037423+00:00,Hermelindo Lopez,UCAd23C2E8sxgoJG1zG7B3hQ,False,False,False,Ala madrid
LCC.EhwKGkNNV3FfZFNQMW84REZRVENsQWtkZ25RMlN3,2025-09-14 01:08:20.178290+00:00,Reyshell Soza,UCvhFeJHbfRj8LH53mOwoq8w,False,False,False,vamos a ganar Real Madrid üëë
LCC.EhwKGkNPV0Z2dG1QMW84REZlZlNsQWtkMEdFanlR,2025-09-14 01:08:29.627018+00:00,Diana bossa,UC81OZBR1nr5NkklZRRdlrvQ,False,False,False,Ala madriiiiiiiiiiiid
LCC.EhwKGkNMNmowTnFQMW84REZaRE00d2NkYlhRYnRB,2025-09-14 01:08:32.022476+00:00,Yunet Laborde,UCY4bizloq9SF_UJP4u-l-oA,False,False,False,bamos real madrid aguanta
LCC.EhwKGkNPVzFtT0NQMW84REZWalRsQWtkZHZvT1pR,2025-09-14 01:08:43.691013+00:00,Rigoberto Pierce,UCfPhlh5E6sK5RKWxxfz6J5Q,False,False,False,otro juego m√°s que el √°rbitro le regala al Madrid como miles de juegos m√°s
LCC.EhwKGkNKTHJtT0NQMW84REZaYTdyZ1VkTHA0OFln,2025-09-14 01:08:43.698617+00:00,Luis Emiro Jimenez Amaris,UCeC1eKpigpCILO3jgSkr6pg,False,False,False,hala Madrid
LCC.EhwKGkNKYXhndU9QMW84REZjZk1sQWtkUUp3QmZB,2025-09-14 01:08:49.621118+00:00,Jose Cabrera,UCHNiXMiliZRkvw6h9MLnOIQ,False,False,False,vamos madrid ü§çüí™
LCC.EhwKGkNOSEw5ZU9QMW84REZUOHJMd2dkRmZzSk5n,2025-09-14 01:08:51.508957+00:00,Rosa Guzman,UC7fd6DXqZYk8AaVKw6-Xzng,False,False,False,QUIERE EL EMPATE EL MANZANO
LCC.EhwKGkNJN3dyT2FQMW84REZkNHYxZ0FkMFVzYnJR,2025-09-14 01:08:56.609278+00:00,Yadixny Rodriguez,UCDJtSNLIQW0CmZtxDA7ZwnA,False,False,False,madrid es el mejor sin dudaaa
LCC.EhwKGkNJcmFtT2VQMW84REZhSXUxZ0FkSXVBbUdR,2025-09-14 01:08:58.375546+00:00,Nazareth Gonzalez,UCaIz1VvcimM-jRcXWUQytmw,False,False,False,Hala Madrid
LCC.EhwKGkNNTzBxT21QMW84REZZVzdyZ1VkNndVMm9R,2025-09-14 01:09:02.827146+00:00,Angel Jes√∫s Garc√≠a ,UCy82cpVPG9C8CgufvN1A1wA,False,False,False,:stopwatch-blue-hand-timer::stopwatch-blue-hand-timer::stopwatch-blue-hand-timer::stopwatch-blue-hand-timer::stopwatch-blue-hand-timer::stopwatch-blue-hand-timer::stopwatch-blue-hand-timer:
LCC.EhwKGkNMT0F5dXFQMW84REZaOEsxZ0FkSUY4d3RR,2025-09-14 01:09:05.477717+00:00,Yadixny Rodriguez,UCDJtSNLIQW0CmZtxDA7ZwnA,False,False,False,:goodvibes:
LCC.EhwKGkNPYWh1dkdQMW84REZjNE1yUVlkNFFrS1VB,2025-09-14 01:09:19.896397+00:00,Yunet Laborde,UCY4bizloq9SF_UJP4u-l-oA,False,False,False,desde cuba apoyamos al real madrid
LCC.EhwKGkNNM1JpX0tQMW84REZWU1Q1UWNkd3pZRWxR,2025-09-14 01:09:21.230420+00:00,cabala gol,UCqSTtGz9tX6kwcYaS6Z_ueQ,False,False,False,nelson al rey le quieren robar al segundon (Barcelona) sufri√≥ contra el rayo que hace unos a√±os estaba e 2da
LCC.EhwKGkNOaTIxX0tQMW84REZZbWY1UWNkMHo4T1F3,2025-09-14 01:09:22.470526+00:00,Rosa Guzman,UC7fd6DXqZYk8AaVKw6-Xzng,False,False,False,VAMOS MIS REYES A GANAR HOY
LCC.EhwKGkNPRGR0X2FQMW84REZlZlNsQWtkMEdFanlR,2025-09-14 01:09:30.343230+00:00,Reyshell Soza,UCvhFeJHbfRj8LH53mOwoq8w,False,False,False,vamooooos Madriiiid
LCC.EhwKGkNKZUtsZmlQMW84REZZVzdyZ1VkNndVMm9R,2025-09-14 01:09:33.967437+00:00,Melking Orozco,UCNElEquXtENM--8iNo2DHoQ,False,False,False,bamos madri con el siuuu
LCC.EhwKGkNJblczUG1QMW84REZhUFJsQWtkaHd3M01n,2025-09-14 01:09:37.237610+00:00,Yona Lopez,UCGrLZmjdRcrcNNHw8sv2lXw,False,False,False,vamos Madrid si se puede
LCC.EhwKGkNPM2RyUDJQMW84REZSblRsQWtkNVZReS1R,2025-09-14 01:09:44.841951+00:00,rbn bkrüòë,UCv3rPZ_oJS-EbSQBvNJp8cg,False,False,False,vamos defensas del real madrid üíØüíØüíØüíØüíØüíØüíØüíØüíØ
LCC.EhwKGkNMYlZyb09RMW84REZmejZsQWtkeWJnY1ln,2025-09-14 01:09:57.456286+00:00,Warning Bros_,UCU6-IJZyVc3U9yNSDGLSvrw,False,False,False,VAMOS REAL MADRID:yougotthis::yougotthis::yougotthis::yougotthis:
LCC.EhwKGkNPSzJvWXFRMW84REZmTzdyZ1VkQzNVWm9R,2025-09-14 01:10:11.920950+00:00,Oswaldo castro,UCbJUq6FuJ-1a4aCYeRcA4cA,False,False,False,desde Honduras!!! HALA MADRID!!!
LCC.EhwKGkNPR3l3b3FRMW84REZmVERsQWtkV09jQnNn,2025-09-14 01:10:12.460377+00:00,franco antonio suarez,UC-hlHULp_1U0ZqEW-W9i3vA,False,False,False,pobres farcelloristas....que viven en su mundo sin una sola neuronas ü§îü§£
LCC.EhwKGkNLbkJ4b3VRMW84REZkVUoxZ0FkNmhRdnFB,2025-09-14 01:10:14.622720+00:00,Yadixny Rodriguez,UCDJtSNLIQW0CmZtxDA7ZwnA,False,False,False,Real madrid va a ganar‚öΩÔ∏èü§´ü•±
LCC.EhwKGkNJakk4NHVRMW84REZSblRsQWtkNVZReS1R,2025-09-14 01:10:15.361333+00:00,Camilo Qui√±onez,UCfnbVWhphmu7QaTRC2Q1j1g,False,False,False,hala Madrid üòÄüòÄüòÄüòÄüòÄüíØüíØüíØüíØüíØ
LCC.EhwKGkNNbXU4WXlRMW84REZUYTZyZ1VkNjF3NWJn,2025-09-14 01:10:17.421886+00:00,Oswaldo castro,UCbJUq6FuJ-1a4aCYeRcA4cA,False,False,False,desde Honduras!!! HALA MADRID!!!
LCC.EhwKGkNKdTZtWTJRMW84REZjX0V3Z1FkN0JFRk9B,2025-09-14 01:10:18.078816+00:00,C√°bala Futbolera,UCiN40zpNQVWT9cUeahegtmA,True,False,True,DESCARG√Å SOFASCORE de forma GRATUITA: https://app.sofascore.com/nixz/CabalaFutbolera
LCC.EhwKGkNOTHU5WTJRMW84REZYTVlyUVlkS244SXF3,2025-09-14 01:10:19.600933+00:00,C√°bala Futbolera,UCiN40zpNQVWT9cUeahegtmA,True,False,True,DESCARG√Å SOFASCORE de forma GRATUITA: https://app.sofascore.com/nixz/CabalaFutbolera
LCC.EhwKGkNNN2l5bzZRMW84REZYVEN3Z1FkMm9BUkN3,2025-09-14 01:10:20.994303+00:00,C√°bala Futbolera,UCiN40zpNQVWT9cUeahegtmA,True,False,True,DESCARG√Å SOFASCORE de forma GRATUITA: https://app.sofascore.com/nixz/CabalaFutbolera
LCC.EhwKGkNKakgzNDZRMW84REZlb1gxZ0FkRUJJMVVR,2025-09-14 01:10:21.324717+00:00,yaisa lucky,UCOs7yuiJ8ZVsW1k2trnB0xA,False,False,False,hala madrid
LCC.EhwKGkNKLTJ1WS1RMW84REZRX0l3Z1FkZWpnWjNB,2025-09-14 01:10:22.796534+00:00,C√°bala Futbolera,UCiN40zpNQVWT9cUeahegtmA,True,False,True,DESCARG√Å SOFASCORE de forma GRATUITA: https://app.sofascore.com/nixz/CabalaFutbolera
LCC.EhwKGkNNZmVpSkNRMW84REZkb0YxZ0FkMTRzOUR3,2025-09-14 01:10:24.097679+00:00,Maestro Miguel,UCbVU3M5q5CiK1DVl7TeJsug,False,False,False,"Vamos Madrid, un ultimo esfuerzo"
LCC.EhwKGkNNS2VuWktRMW84REZUYTZyZ1VkNjF3NWJn,2025-09-14 01:10:28.626575+00:00,Oswaldo castro,UCbJUq6FuJ-1a4aCYeRcA4cA,False,False,False,desde Honduras!!! HALA MADRID!!!
LCC.EhwKGkNKN29vSktRMW84REZUYkR3Z1FkZzk0RkZR,2025-09-14 01:10:28.694485+00:00,C√°bala Futbolera,UCiN40zpNQVWT9cUeahegtmA,True,False,True,DESCARG√Å SOFASCORE de forma GRATUITA: https://app.sofascore.com/nixz/CabalaFutbolera
LCC.EhwKGkNMUHJqWk9RMW84REZWRUF5d1FkU0ZJRnRn,2025-09-14 01:10:30.473374+00:00,yaisa lucky,UCOs7yuiJ8ZVsW1k2trnB0xA,False,False,False,vamos vamos
LCC.EhwKGkNMV1NxWlNRMW84REZkZkF3Z1FkRldzR1dB,2025-09-14 01:10:33.016044+00:00,C√°bala Futbolera,UCiN40zpNQVWT9cUeahegtmA,True,False,True,DESCARG√Å SOFASCORE de forma GRATUITA: https://app.sofascore.com/nixz/CabalaFutbolera
LCC.EhwKGkNOZVBrNWFRMW84REZVcVA1UWNkckprQkNn,2025-09-14 01:10:36.849376+00:00,cabala gol,UCqSTtGz9tX6kwcYaS6Z_ueQ,False,False,False,franco tienes raz√≥n we
LCC.EhwKGkNMdThscGFRMW84REZVZlRsQWtkeV9BaWtB,2025-09-14 01:10:36.905371+00:00,Oswaldo castro,UCbJUq6FuJ-1a4aCYeRcA4cA,False,False,False,desde Honduras!!! HALA MADRID!!!
LCC.EhwKGkNNalNscGFRMW84REZiZk53Z1FkcTFZcDFB,2025-09-14 01:10:36.906708+00:00,C√°bala Futbolera,UCiN40zpNQVWT9cUeahegtmA,True,False,True,DESCARG√Å SOFASCORE de forma GRATUITA: https://app.sofascore.com/nixz/CabalaFutbolera
LCC.EhwKGkNMM0hyWnVRMW84REZjNE1yUVlkNFFrS1VB,2025-09-14 01:10:47.772440+00:00,Oswaldo castro,UCbJUq6FuJ-1a4aCYeRcA4cA,False,False,False,desde Honduras!!! HALA MADRID!!!
LCC.EhwKGkNMNm54NXlRMW84REZXTENsQWtkNFlJNmtB,2025-09-14 01:10:50.288410+00:00,Lidia Garc√≠a,UC8c6gxZJpuS5Or74lPTE8ng,False,False,False,Hala Madrid ü§çü§çü§çü§ç
LCC.EhwKGkNOV3lrcC1RMW84REZhWEFsQWtkbUxVMERn,2025-09-14 01:10:55.712646+00:00,Eneth Delgado,UCIG-BIIjj2bhu8VtisvmZMw,False,False,False,Rosa Guzm√°n quienes son tusreyes
LCC.EhwKGkNQYWo1S1NRMW84REZUOHJMd2dkRmZzSk5n,2025-09-14 01:11:07.540089+00:00,Rosa Guzman,UC7fd6DXqZYk8AaVKw6-Xzng,False,False,False,REAL MADRID
LCC.EhwKGkNJNlkwYWFRMW84REZmejZsQWtkeWJnY1ln,2025-09-14 01:11:11.421479+00:00,ponte serio ronaldo,UCiHRYM6tvSnapggcLdKodXQ,False,False,False,hala madrid
LCC.EhwKGkNLamhpYWlRMW84REZXazZzd0FkTnJJbGtn,2025-09-14 01:11:14.444370+00:00,Rufino Sanchez,UCJIVOosIXexRUVB_ZS7HGZA,False,False,False,buen d√≠a saludos cordiales desde Guatemala apoyando al real Madrid
LCC.EhwKGkNJMmszYWlRMW84REZRZkR3Z1FkU0lNdXJR,2025-09-14 01:11:15.813776+00:00,ponte serio ronaldo,UCiHRYM6tvSnapggcLdKodXQ,False,False,False,hala madrid
LCC.EhwKGkNJN0Y3cWlRMW84REZadkZGZ2tkTW44dVBR,2025-09-14 01:11:16.100129+00:00,cabala gol,UCqSTtGz9tX6kwcYaS6Z_ueQ,False,False,False,eneth el real Madrid
LCC.EhwKGkNON1VfNmlRMW84REZUdnY0d2NkZ2owQkh3,2025-09-14 01:11:16.378147+00:00,Fc Mobile beta Singapure,UCakfDIfFwyQ3Oj8YBWk1OgQ,False,False,False,vamosssss real sociedad
LCC.EhwKGkNPQ3l5cXFRMW84REZZVzdyZ1VkNndVMm9R,2025-09-14 01:11:19.699596+00:00,ponte serio ronaldo,UCiHRYM6tvSnapggcLdKodXQ,False,False,False,hala madrid
LCC.EhwKGkNKRzZ5NnVRMW84REZhWEFsQWtkbUxVMERn,2025-09-14 01:11:21.812623+00:00,Eneth Delgado,UCIG-BIIjj2bhu8VtisvmZMw,False,False,False,siuuuu
LCC.EhwKGkNKWHZxcXlRMW84REZUOHJMd2dkRmZzSk5n,2025-09-14 01:11:23.376952+00:00,cabala gol,UCqSTtGz9tX6kwcYaS6Z_ueQ,False,False,False,hala madrid
LCC.EhwKGkNPUGd5S3lRMW84REZlZlNsQWtkMEdFanlR,2025-09-14 01:11:23.865398+00:00,ponte serio ronaldo,UCiHRYM6tvSnapggcLdKodXQ,False,False,False,hala madrid
LCC.EhwKGkNJT0I0YXlRMW84REZlZlNsQWtkMEdFanlR,2025-09-14 01:11:24.264016+00:00,Angel Jes√∫s Garc√≠a ,UCy82cpVPG9C8CgufvN1A1wA,False,False,False,3 gol a √∫ltimo minuto
LCC.EhwKGkNJWE16NjZRMW84REZmejZsQWtkeWJnY1ln,2025-09-14 01:11:28.173110+00:00,Abraham Velasquez,UC5Z9XVadLPSYMAXyMhQnq7w,False,False,False,saludos desde friajnes Guatemala
LCC.EhwKGkNKN0w1YTZRMW84REZmejZsQWtkeWJnY1ln,2025-09-14 01:11:28.535595+00:00,ponte serio ronaldo,UCiHRYM6tvSnapggcLdKodXQ,False,False,False,hala madrid
LCC.EhwKGkNLWEdtcS1RMW84REZkVUoxZ0FkNmhRdnFB,2025-09-14 01:11:29.400825+00:00,Saliou Ndiaye,UCfXyhxxY66mJ19JDt2bBPPw,False,False,False,desde senegal!! halla Madrid!?ü§çü§ç
LCC.EhwKGkNLR1JnN0dRMW84REZYU0g1UWNkOXAwaVl3,2025-09-14 01:11:33.211293+00:00,Maria concepcion Gutierrez de los santos,UC8zhSafvBVxdPsBm-ZqhUVQ,False,False,False,Hala madrid suiiiiiü§çü§çü§ç
LCC.EhwKGkNPV3ZsYkdRMW84REZZZThyZ1VkQUNrTU1B,2025-09-14 01:11:33.511726+00:00,William Cifuentes,UCiZ6n_6_0n82t8KWLBVgYcA,False,False,False,a la madrid
LCC.EhwKGkNPYkRtck9RMW84REZZcmJsQWtkenV3d1Jn,2025-09-14 01:11:37.789554+00:00,Waraira Mar,UCUIfrhdayR2H7Sqyhe6MwSA,False,False,False,vamos Manzano el barca cuenta contigo
LCC.EhwKGkNKejhwYk9RMW84REZUdnY0d2NkZ2owQkh3,2025-09-14 01:11:37.977199+00:00,DANILO ALONZO,UC1Yio0EQkwD443_mapCXvuQ,False,False,False,:medal-yellow-first-red:
LCC.EhwKGkNLems5N1NRMW84REZhWEFsQWtkbUxVMERn,2025-09-14 01:11:41.413273+00:00,rbn bkrüòë,UCv3rPZ_oJS-EbSQBvNJp8cg,False,False,False,vamos madrid
LCC.EhwKGkNNX1B3YldRMW84REZiRUgxZ0FkZnAwaGVB,2025-09-14 01:11:42.625921+00:00,Maestro Miguel,UCbVU3M5q5CiK1DVl7TeJsug,False,False,False,Vamos Madrid
LCC.EhwKGkNJVFB4TGFRMW84REZVRExGZ2tkSEtBTGVn,2025-09-14 01:11:44.769560+00:00,Rosa Guzman,UC7fd6DXqZYk8AaVKw6-Xzng,False,False,False,EXCELENTE NARRACI√ìN CHICOS COMO SIEMPRE GRACIAS
LCC.EhwKGkNJUG0tTGlRMW84REZTTW1yUVlkaENBU2ZB,2025-09-14 01:11:49.819067+00:00,yaisa lucky,UCOs7yuiJ8ZVsW1k2trnB0xA,False,False,False,se viene gol d madrid
LCC.EhwKGkNKMm5xTG1RMW84REZiRUgxZ0FkZnAwaGVB,2025-09-14 01:11:50.609879+00:00,Georgina,UCXidz86q0LJGk7Czgy8fTqQ,False,False,False,hola
LCC.EhwKGkNJZXJ0YnVRMW84REZhb0sxZ0FkLVE4NWR3,2025-09-14 01:11:55.005802+00:00,M50,UCK5USPuIb8r2s1oIU65XEyQ,False,False,False,HAla
LCC.EhwKGkNLdWE4THVRMW84REZSaUVyZ1VkVU1BT1B3,2025-09-14 01:11:55.969914+00:00,Jorge Flores Jr.,UC4wsPO5FJNUSq9Sq07uZNgA,False,False,False,saludos desde Guatemala üá¨üáπ
LCC.EhwKGkNMcUZnTDJRMW84REZTSXQxZ0FkWUpFR0tn,2025-09-14 01:11:58.328865+00:00,Georgina,UCXidz86q0LJGk7Czgy8fTqQ,False,False,False,hola
LCC.EhwKGkNJRGRrNzJRMW84REZaOEsxZ0FkSUY4d3RR,2025-09-14 01:11:58.654933+00:00,Luis,UCdGGo05XHP7n34sA9e9eqpw,False,False,False,√°nimo
LCC.EhwKGkNMWGw5TDJRMW84REZRbmJsQWtkUTdzTHl3,2025-09-14 01:12:00.239730+00:00,Angel Jes√∫s Garc√≠a ,UCy82cpVPG9C8CgufvN1A1wA,False,False,False,:trophy-yellow-smiling::trophy-yellow-smiling::trophy-yellow-smiling:
LCC.EhwKGkNLdTdtTDZRMW84REZRX0l3Z1FkZWpnWjNB,2025-09-14 01:12:00.824497+00:00,Mily Hernandez,UCpS9TqYayuOzqKhGoHqNYDQ,False,False,False,Hala Madrid
LCC.EhwKGkNPVFdtNy1RMW84REZmeVk1UWNkY2I0VGNn,2025-09-14 01:12:02.974425+00:00,Rosa Guzman,UC7fd6DXqZYk8AaVKw6-Xzng,False,False,False,VAMOS MIS REYES
LCC.EhwKGkNJYWZ4ci1RMW84REZmVUkxZ0FkQ3BNZ3pn,2025-09-14 01:12:03.670361+00:00,M50,UCK5USPuIb8r2s1oIU65XEyQ,False,False,False,hola
LCC.EhwKGkNOdklyc0dRMW84REZlb1gxZ0FkRUJJMVVR,2025-09-14 01:12:07.477382+00:00,Georgina,UCXidz86q0LJGk7Czgy8fTqQ,False,False,False,hola
LCC.EhwKGkNMWDBxc0tRMW84REZUYTZyZ1VkNjF3NWJn,2025-09-14 01:12:09.514520+00:00,Rigoberto Pierce,UCfPhlh5E6sK5RKWxxfz6J5Q,False,False,False,no apoyo a ladrones del Madrid
LCC.EhwKGkNJVzF6TUtRMW84REZZQUoxZ0FkbWt3UjNR,2025-09-14 01:12:10.062913+00:00,Georgina,UCXidz86q0LJGk7Czgy8fTqQ,False,False,False,h
LCC.EhwKGkNPdW1sTU9RMW84REZVZlRsQWtkeV9BaWtB,2025-09-14 01:12:11.240563+00:00,rbn bkrüòë,UCv3rPZ_oJS-EbSQBvNJp8cg,False,False,False,2 minutus
LCC.EhwKGkNKTzc0OE9RMW84REZZZThyZ1VkQUNrTU1B,2025-09-14 01:12:12.538334+00:00,franco antonio suarez,UC-hlHULp_1U0ZqEW-W9i3vA,False,False,False,ha la ma drid üí™ü§´
LCC.EhwKGkNOMk9qOFNRMW84REZYZ0gxZ0FkcEpBQUdB,2025-09-14 01:12:13.254803+00:00,Georgina,UCXidz86q0LJGk7Czgy8fTqQ,False,False,False,hola
LCC.EhwKGkNLYUcxTVNRMW84REZjX0V3Z1FkN0JFRk9B,2025-09-14 01:12:14.382798+00:00,OliHolis,UCj8zeGUWTHonh0mmCycl1sg,False,False,False,vamos Madrid aguanta
LCC.EhwKGkNPYTB2Y1dRMW84REZjZk1sQWtkUUp3QmZB,2025-09-14 01:12:16.109420+00:00,Jheison Perez roman,UC9DXuAms6yh2mjzdyt2mmJg,False,False,False,saludame bro
LCC.EhwKGkNPbWw5Y1dRMW84REZSRU4xZ0FkSThRSDFR,2025-09-14 01:12:17.024757+00:00,Georgina,UCXidz86q0LJGk7Czgy8fTqQ,False,False,False,hola
LCC.EhwKGkNJbld2c2FRMW84REZjSXQxZ0FkLTRNRVBR,2025-09-14 01:12:18.228416+00:00,M50,UCK5USPuIb8r2s1oIU65XEyQ,False,False,False,Hala madrid
LCC.EhwKGkNMdjA2Y21RMW84REZjZk1sQWtkUUp3QmZB,2025-09-14 01:12:25.226463+00:00,Pascual Falcon,UCcsvEn3twAUIAoXA8kifg8w,False,False,False,Hala madrid
LCC.EhwKGkNQUy05TXFRMW84REZmTzdyZ1VkQzNVWm9R,2025-09-14 01:12:27.505388+00:00,Abraham Velasquez,UC5Z9XVadLPSYMAXyMhQnq7w,False,False,False,saludos desde friajnes Guatemala
LCC.EhwKGkNNM1NfY3FRMW84REZjbnM0d2NkZllNd19B,2025-09-14 01:12:27.647252+00:00,Warning Bros_,UCU6-IJZyVc3U9yNSDGLSvrw,False,False,False,HOY GANA PAP√Å
LCC.EhwKGkNOUE0wTXlRMW84REZZbWY1UWNkMHo4T1F3,2025-09-14 01:12:31.104547+00:00,cabala gol,UCqSTtGz9tX6kwcYaS6Z_ueQ,False,False,False,pierce pues que triste tu vida
LCC.EhwKGkNJREs5Y3lRMW84REZlZlNsQWtkMEdFanlR,2025-09-14 01:12:31.712059+00:00,Miguel Ram√≠rez ,UCZoa13ER4jyWppId4AedxZg,False,False,False,bamos x el en pate
LCC.EhwKGkNLdm01czZRMW84REZWckJ3Z1FkaEw4alN3,2025-09-14 01:12:35.663767+00:00,yaisa lucky,UCOs7yuiJ8ZVsW1k2trnB0xA,False,False,False,hala madrid
LCC.EhwKGkNKUzI4YzZRMW84REZTTW1yUVlkaENBU2ZB,2025-09-14 01:12:35.834337+00:00,Ver√≥nica Tom√°s,UCFb0sI3RijJHgc65DF6TbPA,False,False,False,Hala Madrid ‚ù§Ô∏è
LCC.EhwKGkNMYjdfZENRMW84REZUdnY0d2NkZ2owQkh3,2025-09-14 01:12:40.235758+00:00,Angel Jes√∫s Garc√≠a ,UCy82cpVPG9C8CgufvN1A1wA,False,False,False,nada para el sociedad
LCC.EhwKGkNNNnF0ZEdRMW84REZUX1FsQWtkTjJFNUZ3,2025-09-14 01:12:41.142782+00:00,Yona Lopez,UCGrLZmjdRcrcNNHw8sv2lXw,False,False,False,vamos
LCC.EhwKGkNNaVkxOUtRMW84REZjTXJMd2dkeVlvUkN3,2025-09-14 01:12:43.795183+00:00,Jorge A,UCeJKWW1nonJKlcoP-U93Y7A,False,False,False,aupa
LCC.EhwKGkNLYTgtZE9RMW84REZVRER3Z1FkMFdjNHhn,2025-09-14 01:12:46.452840+00:00,Ver√≥nica Tom√°s,UCFb0sI3RijJHgc65DF6TbPA,False,False,False,Hala Madrid üñ§ü§ç
LCC.EhwKGkNLVDgtdE9RMW84REZYSElGZ2tkVFo0eUxn,2025-09-14 01:12:46.483820+00:00,Rosa Guzman,UC7fd6DXqZYk8AaVKw6-Xzng,False,False,False,YA GAN√ì REAL MADRID
LCC.EhwKGkNNSHV4OVNRMW84REZjZk1sQWtkUUp3QmZB,2025-09-14 01:12:47.736625+00:00,Miguel Ram√≠rez ,UCZoa13ER4jyWppId4AedxZg,False,False,False,Los saludo desde el quezal sn marcos
LCC.EhwKGkNMX3l3dGVRMW84REZXTENsQWtkNFlJNmtB,2025-09-14 01:12:53.949763+00:00,rbn bkrüòë,UCv3rPZ_oJS-EbSQBvNJp8cg,False,False,False,Aguanta madrid
LCC.EhwKGkNLMlYwTmVRMW84REZWUER3Z1FkV3VNazdn,2025-09-14 01:12:54.169194+00:00,OliHolis,UCj8zeGUWTHonh0mmCycl1sg,False,False,False,1 minuto vamos Madrid aguanta xfavor
LCC.EhwKGkNQN2kzdG1RMW84REZTTW1yUVlkaENBU2ZB,2025-09-14 01:12:58.598869+00:00,Ver√≥nica Tom√°s,UCFb0sI3RijJHgc65DF6TbPA,False,False,False,Hala Madrid
LCC.EhwKGkNQYnFqZHFRMW84REZYZ0gxZ0FkcEpBQUdB,2025-09-14 01:12:59.372374+00:00,Georgina,UCXidz86q0LJGk7Czgy8fTqQ,False,False,False,hola
LCC.EhwKGkNQbkF0ZHFRMW84REZmeVk1UWNkY2I0VGNn,2025-09-14 01:13:00.020407+00:00,Jorge A,UCeJKWW1nonJKlcoP-U93Y7A,False,False,False,julian
LCC.EhwKGkNNZXlnTnlRMW84REZRbmJsQWtkUTdzTHl3,2025-09-14 01:13:03.344379+00:00,yaisa lucky,UCOs7yuiJ8ZVsW1k2trnB0xA,False,False,False,hala madrid
LCC.EhwKGkNOcUh0TjJRMW84REZjbnM0d2NkZllNd19B,2025-09-14 01:13:06.287907+00:00,Eneth Delgado,UCIG-BIIjj2bhu8VtisvmZMw,False,False,False,RM
LCC.EhwKGkNJZld6dDZRMW84REZVRExGZ2tkSEtBTGVn,2025-09-14 01:13:08.820187+00:00,Rosa Guzman,UC7fd6DXqZYk8AaVKw6-Xzng,False,False,False,AGUANTE REAL MADRID
LCC.EhwKGkNNRFRoLUNRMW84REZWRUF5d1FkU0ZJRnRn,2025-09-14 01:13:11.854077+00:00,yaisa lucky,UCOs7yuiJ8ZVsW1k2trnB0xA,False,False,False,vamos vamos üí™üèª
LCC.EhwKGkNNTEd0dUNRMW84REZZcmJsQWtkenV3d1Jn,2025-09-14 01:13:12.620701+00:00,Guilibaldo Acevedo,UC1B5TGiLvE0J_2jids2fa_g,False,False,False,HALA MADRID Y NADA M√ÅS
LCC.EhwKGkNOajR2ZUNRMW84REZTX2JsQWtkQ05nSVpB,2025-09-14 01:13:12.741403+00:00,Eneth Delgado,UCIG-BIIjj2bhu8VtisvmZMw,False,False,False,rm
LCC.EhwKGkNJVDFodUdRMW84REZWalRsQWtkZHZvT1pR,2025-09-14 01:13:13.936691+00:00,Hector De Leon,UCW97rsU0yaWZj2BILrmHsJA,False,False,False,saludos desde Antigua Guatemala
LCC.EhwKGkNPbWY4dUdRMW84REZlb0wxZ0FkNkJzeTRR,2025-09-14 01:13:15.697472+00:00,Georgina,UCXidz86q0LJGk7Czgy8fTqQ,False,False,False,hola
LCC.EhwKGkNJaklxT0tRMW84REZjN0x3Z1FkaWdBZVZ3,2025-09-14 01:13:16.584332+00:00,Ver√≥nica Tom√°s,UCFb0sI3RijJHgc65DF6TbPA,False,False,False,Hala Madrid
LCC.EhwKGkNKdjh5dU9RMW84REZZZThyZ1VkQUNrTU1B,2025-09-14 01:13:19.246493+00:00,Eneth Delgado,UCIG-BIIjj2bhu8VtisvmZMw,False,False,False,RM
LCC.EhwKGkNJblc3ZVNRMW84REZkTWtyUVlkelE4aF9B,2025-09-14 01:13:21.911704+00:00,Ver√≥nica Tom√°s,UCFb0sI3RijJHgc65DF6TbPA,False,False,False,Hala Madrid
LCC.EhwKGkNJdlVxdVdRMW84REZUdnY0d2NkZ2owQkh3,2025-09-14 01:13:22.910094+00:00,Saulo Araujo,UCtSC244Sv20-yxdeFa-v_9Q,False,False,False,bamo madrid
LCC.EhwKGkNQekR1dVdRMW84REZjNE1yUVlkNFFrS1VB,2025-09-14 01:13:23.170005+00:00,OliHolis,UCj8zeGUWTHonh0mmCycl1sg,False,False,False,vamooooss Madrid
LCC.EhwKGkNJem1nLWVRMW84REZWalRsQWtkZHZvT1pR,2025-09-14 01:13:26.468708+00:00,Reyshell Soza,UCvhFeJHbfRj8LH53mOwoq8w,False,False,False,vamos
LCC.EhwKGkNPcU02LWVRMW84REZUc0gxZ0FkTlp3VVV3,2025-09-14 01:13:28.161721+00:00,Georgina,UCXidz86q0LJGk7Czgy8fTqQ,False,False,False,hola
LCC.EhwKGkNJUEJsZWlRMW84REZiaTdyZ1VkS1BVbjNB,2025-09-14 01:13:28.855107+00:00,Angel Jes√∫s Garc√≠a ,UCy82cpVPG9C8CgufvN1A1wA,False,False,False,el 3 a √∫ltimo sugundo
LCC.EhwKGkNKZnJ3dWlRMW84REZadkZGZ2tkTW44dVBR,2025-09-14 01:13:29.598635+00:00,cabala gol,UCqSTtGz9tX6kwcYaS6Z_ueQ,False,False,False,HALA MADRIDDDD Y NADA MAS EL REY DEL GOL
LCC.EhwKGkNNZWQwZWlRMW84REZYTVlyUVlkS244SXF3,2025-09-14 01:13:29.834665+00:00,Ver√≥nica Tom√°s,UCFb0sI3RijJHgc65DF6TbPA,False,False,False,Hala Madrid
LCC.EhwKGkNKakY5T2lRMW84REZmejZsQWtkeWJnY1ln,2025-09-14 01:13:30.412164+00:00,Jorge David Mata Mata,UCYmhrJEuCDPO8E7VdI90DPg,False,False,False,no canten ante de tiempo
LCC.EhwKGkNMYUlfT2lRMW84REZhUFJsQWtkaHd3M01n,2025-09-14 01:13:30.535464+00:00,Guilibaldo Acevedo,UC1B5TGiLvE0J_2jids2fa_g,False,False,False,SALUDOS DESDE MANAGUA NICARAGUA
LCC.EhwKGkNOS3J2LW1RMW84REZlZlNsQWtkMEdFanlR,2025-09-14 01:13:31.638669+00:00,Eliecer Sanchez,UCrTRav33hKp_3dYcJMJ-9rA,False,False,False,por qu√© Gil Manzano tiene q ser protagonista?
LCC.EhwKGkNJbWZ2ZXFRMW84REZiTUgxZ0Fkc1pZQnVB,2025-09-14 01:13:33.710526+00:00,Georgina,UCXidz86q0LJGk7Czgy8fTqQ,False,False,False,hola
LCC.EhwKGkNNei04ZXFRMW84REZYTVlyUVlkS244SXF3,2025-09-14 01:13:34.564428+00:00,OliHolis,UCj8zeGUWTHonh0mmCycl1sg,False,False,False,ya aguantar ya es ganancia con uno menos
LCC.EhwKGkNJejlvLXVRMW84REZaT2g1UWNkUHhJNEJn,2025-09-14 01:13:35.384900+00:00,Guadalupe Perdomo,UCKhbbSPnBUyPsinM_IFHMsw,False,False,False,ala Madrid ü§ü
LCC.EhwKGkNQNmhnTzJRMW84REZkNHYxZ0FkMFVzYnJR,2025-09-14 01:13:39.016245+00:00,Georgina,UCXidz86q0LJGk7Czgy8fTqQ,False,False,False,hola
LCC.EhwKGkNJV3BndTJRMW84REZmVERsQWtkV09jQnNn,2025-09-14 01:13:39.027395+00:00,Abraham Velasquez,UC5Z9XVadLPSYMAXyMhQnq7w,False,False,False,saludos desde friajnes Guatemala
LCC.EhwKGkNOR3N2LTJRMW84REZRVENsQWtkZ25RMlN3,2025-09-14 01:13:40.026502+00:00,Reyshell Soza,UCvhFeJHbfRj8LH53mOwoq8w,False,False,False,Hala Madrid üëëüëëüëë
LCC.EhwKGkNKX0Y4ZTZRMW84REZaRE00d2NkYlhRYnRB,2025-09-14 01:13:42.946261+00:00,Jahdiel Zamora,UCPqe0MNaxhlyzKRbKkPyG1w,False,False,False,vamos madrid vamos
LCC.EhwKGkNKT0ppZS1RMW84REZkZmNsQWtkd21VbC1n,2025-09-14 01:13:43.332420+00:00,Lidia Garc√≠a,UC8c6gxZJpuS5Or74lPTE8ng,False,False,False,12 contra 10 el √°rbitro negreira
LCC.EhwKGkNOMjRvdkNRMW84REZlb1gxZ0FkRUJJMVVR,2025-09-14 01:13:45.852159+00:00,Georgina,UCXidz86q0LJGk7Czgy8fTqQ,False,False,False,hola
LCC.EhwKGkNJWHJyZkNRMW84REZjVEh3Z1FkNkZraHRR,2025-09-14 01:13:46.031483+00:00,OliHolis,UCj8zeGUWTHonh0mmCycl1sg,False,False,False,vamos
LCC.EhwKGkNNM3N1UEdRMW84REZmTzdyZ1VkQzNVWm9R,2025-09-14 01:13:48.310572+00:00,Guilibaldo Acevedo,UC1B5TGiLvE0J_2jids2fa_g,False,False,False,SALUDOS DESDE MANAGUA NICARAGUA
LCC.EhwKGkNNaUlvX0tRMW84REZjbnM0d2NkZllNd19B,2025-09-14 01:13:50.048525+00:00,Yona Lopez,UCGrLZmjdRcrcNNHw8sv2lXw,False,False,False,ü•∞ü•∞ü•∞ü•∞ü§üü§üü§üü§üü§ü‚ô•Ô∏è‚ô•Ô∏è‚ô•Ô∏è‚ô•Ô∏è‚ô•Ô∏èüòòüòòüòòüòò
LCC.EhwKGkNPM1N6ZktRMW84REZYUFB3Z1FkMWVZREZn,2025-09-14 01:13:50.747956+00:00,Ana Huanca Diestra,UCT0wyx61jzsKJEKjTqC7eag,False,False,False,va a ganar siuuuu
LCC.EhwKGkNQMnl0dk9RMW84REZUYTZyZ1VkNjF3NWJn,2025-09-14 01:13:52.462686+00:00,Jheison Perez roman,UC9DXuAms6yh2mjzdyt2mmJg,False,False,False,ü•∫ü•∫
LCC.EhwKGkNNUG5nX1NRMW84REZaYkh3Z1FkVk5BVTJR,2025-09-14 01:13:53.731645+00:00,OliHolis,UCj8zeGUWTHonh0mmCycl1sg,False,False,False,gano el f√∫tbol
LCC.EhwKGkNQQ2NoX1NRMW84REZhQzdyZ1VkakpvTTJ3,2025-09-14 01:13:53.787538+00:00,rbn bkrüòë,UCv3rPZ_oJS-EbSQBvNJp8cg,False,False,False,lo logramos ‚ù§Ô∏è‚ù§Ô∏è‚ù§Ô∏è‚ù§Ô∏è‚ù§Ô∏è‚ù§Ô∏è‚ù§Ô∏èüíØüíØüíØ
LCC.EhwKGkNKcUw0UFNRMW84REZUYTZyZ1VkNjF3NWJn,2025-09-14 01:13:55.242986+00:00,Warning Bros_,UCU6-IJZyVc3U9yNSDGLSvrw,False,False,False,VAMOOOOOOS
LCC.EhwKGkNPSEwyZldRMW84REZjRFN3Z1FkSEFVUUR3,2025-09-14 01:13:57.233503+00:00,fan_de_ronaldo7,UCbe3z_9qHE5X5aspg-nPrWQ,False,False,False,vamoss
LCC.EhwKGkNJV3p1dmVRMW84REZSNEsxZ0FkR0I4VW13,2025-09-14 01:14:00.918523+00:00,Rosa Sanchez,UCK255RCLJyHVE9GEdMuhUPA,False,False,False,terminoooooo yeeeee hala Madrid üé§‚öΩü§ç
LCC.EhwKGkNQUFR1UGlRMW84REZZbWY1UWNkMHo4T1F3,2025-09-14 01:14:02.991233+00:00,Rosa Guzman,UC7fd6DXqZYk8AaVKw6-Xzng,False,False,False,:face-red-heart-shape:REAL MADRID:face-red-heart-shape:
LCC.EhwKGkNKVER3X2lRMW84REZaRE00d2NkYlhRYnRB,2025-09-14 01:14:03.164577+00:00,yaisa lucky,UCOs7yuiJ8ZVsW1k2trnB0xA,False,False,False,vamos madrid
LCC.EhwKGkNLNmIyX2lRMW84REZRX0l3Z1FkZWpnWjNB,2025-09-14 01:14:03.552114+00:00,Ver√≥nica Tom√°s,UCFb0sI3RijJHgc65DF6TbPA,False,False,False,ü§çüñ§ü§çü§çü§çü§ç
LCC.EhwKGkNJMl9sdnFRMW84REZUX1FsQWtkTjJFNUZ3,2025-09-14 01:14:06.621128+00:00,Angel Jes√∫s Garc√≠a ,UCy82cpVPG9C8CgufvN1A1wA,False,False,False,:finger-red-number-one::finger-red-number-one::finger-red-number-one::finger-red-number-one::finger-red-number-one:Hala Madrid
LCC.EhwKGkNNdmZuUHFRMW84REZRbmJsQWtkUTdzTHl3,2025-09-14 01:14:06.723539+00:00,franco antonio suarez,UC-hlHULp_1U0ZqEW-W9i3vA,False,False,False,se quedaron con las ganas...estos jajajaja k
LCC.EhwKGkNNWFB5dnVRMW84REZRRUgxZ0FkLU5NUHp3,2025-09-14 01:14:09.572094+00:00,Lui rodo,UCGBVzkPGrfqIO8zkl6asE9g,False,False,False,ni com est√° liga negreira pudieron vamos Madrid üí™üèª
LCC.EhwKGkNKcl95UHlRMW84REZVS0U1UWNkamxzSWxB,2025-09-14 01:14:11.643437+00:00,Rosa Guzman,UC7fd6DXqZYk8AaVKw6-Xzng,False,False,False,:washhands::washhands::washhands::washhands:
LCC.EhwKGkNKRDA3NEdSMW84REZWMjQ1UWNkVmtzUXFn,2025-09-14 01:14:22.767984+00:00,Rosa Guzman,UC7fd6DXqZYk8AaVKw6-Xzng,False,False,False,ESO ES TODO MI EQUIPO
LCC.EhwKGkNNVHU5b0dSMW84REZTdkw0d2NkalRvS09n,2025-09-14 01:14:22.879190+00:00,IsraSTV‚öΩ,UCfzEy77eMdWAjzSXfO-WCug,False,False,False,Gran trabajo chicos.üëçüôåüôÇ‚öΩ
LCC.EhwKGkNNdURoWUtSMW84REZWbkN3Z1FkaTdVOXJR,2025-09-14 01:14:23.112712+00:00,Jacque Catrileo,UCpltg2qymOf5WsrpVCowszA,False,False,False,B√çEN MADR√çD üíØüíã‚ù£Ô∏èüá®üá±üòÖü´∞
LCC.EhwKGkNKM3lxSVNSMW84REZjZk1sQWtkUUp3QmZB,2025-09-14 01:14:27.894117+00:00,yaisa lucky,UCOs7yuiJ8ZVsW1k2trnB0xA,False,False,False,cuanto dolor por aqu√≠ jajaja gano el mejor
LCC.EhwKGkNNTExsNGVSMW84REZZVzdyZ1VkNndVMm9R,2025-09-14 01:14:33.902273+00:00,Warning Bros_,UCU6-IJZyVc3U9yNSDGLSvrw,False,False,False,HOY GAN√ì PAP√Å üí™üèº üôåüèª
LCC.EhwKGkNOZnh1WWVSMW84REZmTzdyZ1VkQzNVWm9R,2025-09-14 01:14:34.464159+00:00,rbn bkrüòë,UCv3rPZ_oJS-EbSQBvNJp8cg,False,False,False,:elbowcough::elbowcough::elbowcough::virtualhug::virtualhug::virtualhug::virtualhug::virtualhug::goodvibes::goodvibes::goodvibes::yougotthis::yougotthis::yougotthis::yougotthis::washhands::washhands::washhands::washhands:
LCC.EhwKGkNNTGMwNGlSMW84REZaT2g1UWNkUHhJNEJn,2025-09-14 01:14:36.984465+00:00,Jorge A,UCeJKWW1nonJKlcoP-U93Y7A,False,False,False,juve inter
LCC.EhwKGkNMLVYzb2lSMW84REZadkZGZ2tkTW44dVBR,2025-09-14 01:14:37.157045+00:00,Rosa Guzman,UC7fd6DXqZYk8AaVKw6-Xzng,False,False,False,TE AMO REAL MADRID
LCC.EhwKGkNMU194by1SMW84REZmeVk1UWNkY2I0VGNn,2025-09-14 01:14:51.448421+00:00,cabala gol,UCqSTtGz9tX6kwcYaS6Z_ueQ,False,False,False,claro puro ardido del barca se qued√≥ con las ganas
LCC.EhwKGkNKNi1sSkdSMW84REZjZk1sQWtkUUp3QmZB,2025-09-14 01:14:54.821711+00:00,yaisa lucky,UCOs7yuiJ8ZVsW1k2trnB0xA,False,False,False,:trophy-yellow-smiling::trophy-yellow-smiling::trophy-yellow-smiling::trophy-yellow-smiling:
LCC.EhwKGkNJNkpwSktSMW84REZhWEFsQWtkbUxVMERn,2025-09-14 01:14:57.174106+00:00,rbn bkrüòë,UCv3rPZ_oJS-EbSQBvNJp8cg,False,False,False,:washhands::washhands::washhands::washhands::yougotthis::yougotthis::yougotthis::yougotthis::elbowcough::elbowcough::elbowcough::washhands::washhands::yougotthis::yougotthis::yougotthis::yougotthis::yougotthis::yougotthis:
LCC.EhwKGkNNYWMyWlNSMW84REZWalRsQWtkZHZvT1pR,2025-09-14 01:15:02.239737+00:00,Angel Jes√∫s Garc√≠a ,UCy82cpVPG9C8CgufvN1A1wA,False,False,False,seguimos invicto hala Madrid
LCC.EhwKGkNNanM0SmVSMW84REZUbVk1UWNkbHhvb2Rn,2025-09-14 01:15:08.657782+00:00,Jorge A,UCeJKWW1nonJKlcoP-U93Y7A,False,False,False,gool juve
LCC.EhwKGkNKSG1ySnFSMW84REZVRExGZ2tkSEtBTGVn,2025-09-14 01:15:14.095818+00:00,Jorge A,UCeJKWW1nonJKlcoP-U93Y7A,False,False,False,:face-green-smiling::face-green-smiling::face-green-smiling:
LCC.EhwKGkNNdk85WjZSMW84REZhM1VGZ2tkY0RrWDFR,2025-09-14 01:15:23.676546+00:00,Rosa Guzman,UC7fd6DXqZYk8AaVKw6-Xzng,False,False,False,EL M√ÅS GRANDE DE TODOS LOS TIEMPOS
LCC.EhwKGkNPYlotS0NSMW84REZlb1gxZ0FkRUJJMVVR,2025-09-14 01:15:27.922347+00:00,yaisa lucky,UCOs7yuiJ8ZVsW1k2trnB0xA,False,False,False,buen juego del equipo con 1 de menos
LCC.EhwKGkNPT25xNk9SMW84REZWckJ3Z1FkaEw4alN3,2025-09-14 01:15:32.944273+00:00,cabala gol,UCqSTtGz9tX6kwcYaS6Z_ueQ,False,False,False,rossoneri for ever forza milan
LCC.EhwKGkNPM2NrS3FSMW84REZlcUs1UWNkQnZvcTBR,2025-09-14 01:15:47.189880+00:00,Rosa Guzman,UC7fd6DXqZYk8AaVKw6-Xzng,False,False,False,ERES MI PASI√ìN
