Topic_ID,Count,Top_Words
0,1820,"bhai(0.028), kya(0.022), hai(0.020), bhi(0.016), raha(0.013), bhai bhai(0.012), hai bhai(0.012), match(0.011), zee bhai(0.010), koi(0.010)"
1,1074,"goodvibes goodvibes(0.092), الله(0.037), his hand(0.023), 200(0.018), a llorar(0.018), tent(0.017), glasses(0.016), pura(0.010), jajajaja(0.010), who is(0.010)"
2,1037,"mastantuono(0.024), gaya(0.022), rigged(0.021), senabre(0.021), mandriles(0.017), room(0.013), payaso(0.013), varça(0.013), barça barça(0.013), jagah(0.010)"
3,973,"face(0.018), smiling face(0.017), purple crying(0.015), face purple(0.015), blue smiling(0.014), face green(0.014), crying face(0.014), face turquoise(0.012), face orange(0.011), droopy eyes(0.010)"
4,950,"odio(0.058), compra árbitros(0.056), fc negreira(0.055), corrupto(0.052), fc(0.037), club(0.034), la verdad(0.022), come on(0.017), night(0.016), je(0.015)"
5,767,"yamal is(0.018), where is(0.010), lamine(0.008), didnt(0.008), now(0.008), talk(0.007), yamal should(0.007), he could(0.007), is not(0.007), kid(0.006)"
6,725,"ponkyy(0.120), my(0.064), vamoooos(0.043), tent(0.028), getting(0.021), wtf(0.017), ki jersey(0.017), goallllll(0.016), bro(0.016), hell(0.016)"
7,674,"1 goal(0.019), mappe(0.016), el gol(0.011), offside(0.010), incoming(0.007), de mbappe(0.007), goal walo(0.007), shot(0.006), goal was(0.006), one(0.005)"
8,649,"8 2(0.035), rigged(0.033), fan and(0.033), be happy(0.033), a real(0.032), if u(0.031), is your(0.031), move on(0.031), classicos(0.030), last 4(0.027)"
9,627,"madrid madrid(0.031), madrid vamos(0.030), hala madrid(0.029), مدريد(0.018), viva españa(0.009), teams(0.006), was playing(0.005), vamos real(0.005), valores(0.005), so good(0.005)"
10,475,"madrid hala(0.068), halla madrid(0.015), paris(0.013), hala madridddd(0.011), madrid visca(0.009), madrid madrid(0.008), hala madridd(0.008), con un(0.007), réal(0.005), ala madrid(0.004)"
11,471,"barcelonaaa(0.018), vamos barça(0.016), ke(0.013), del barcelona(0.013), al barça(0.012), vamoooos(0.011), fc(0.010), scared(0.008), nul nul(0.008), atraco(0.007)"
12,464,"la seleccion(0.016), seguir(0.015), franco(0.014), y los(0.013), bastardo soto(0.011), paga árbitros(0.010), iturralde(0.009), paga(0.009), se escribe(0.008), escribe(0.008)"
13,452,"hala madrid(0.061), red number(0.021), number one(0.021), one finger(0.019), halal(0.012), oops(0.005), proud(0.004), be a(0.003), good night(0.003), barca hala(0.003)"
14,441,"lamin(0.033), lamine is(0.027), talk shit(0.015), wants to(0.014), he has(0.012), match and(0.012), neymar(0.012), bit(0.011), should not(0.011), is the(0.011)"
15,391,"is on(0.147), careras(0.145), thats why(0.140), yamal you(0.138), vini is(0.109), against(0.106), dean(0.100), he is(0.075), yellow(0.023), assist(0.017)"
16,391,"(0.000), (0.000), (0.000), (0.000), (0.000), (0.000), (0.000), (0.000), (0.000), (0.000)"
17,344,"ho(0.029), q(0.023), gya(0.022), vini ko(0.020), de mbappe(0.016), bohot(0.015), escribe(0.014), sub(0.011), jeet(0.011), drama(0.011)"
18,328,"we won(0.022), casado(0.016), inshallah(0.015), gano(0.015), gagne(0.015), a win(0.013), will win(0.012), can(0.012), we don(0.012), rapha(0.012)"
19,306,"min(0.106), minutos(0.099), 9 min(0.094), extra(0.034), timer(0.024), hasta que(0.016), behind(0.015), wtf(0.013), injury(0.011), stp(0.011)"
20,283,"el penalti(0.031), no penalty(0.031), es penalti(0.030), a penalty(0.028), por la(0.015), it is(0.014), penal(0.013), clear(0.011), la prensa(0.010), jamais(0.009)"
21,281,"a llorar(0.058), baby(0.043), jajajaja(0.026), cope(0.015), hard(0.015), gonna(0.013), i love(0.013), culés(0.012), a 1(0.011), bro(0.011)"
22,250,"pen(0.514), it s(0.023), how can(0.018), give(0.014), talking(0.014), bc(0.013), nobody(0.012), is not(0.010), retire(0.009), valid(0.009)"
23,248,"3 1(0.221), 0(0.062), 1 0(0.049), hogaya(0.011), come on(0.009), i want(0.008), creo(0.007), barça barça(0.007), should be(0.007), hua(0.006)"
24,240,"visca barca(0.099), vamos barca(0.090), barca vamos(0.072), du barca(0.020), barcaaaaa(0.016), hala barca(0.012), barca ko(0.011), no juega(0.011), nul nul(0.008), con un(0.008)"
25,238,"tebas(0.092), negreira y(0.090), ladrones(0.045), corruptos(0.043), rob(0.032), a robar(0.021), robando(0.018), arbitral(0.015), somos(0.015), paga(0.012)"
26,211,"arsenal(0.020), from xabi(0.013), we need(0.013), proud of(0.013), 00 from(0.012), game from(0.012), a striker(0.012), you think(0.012), corner(0.010), good in(0.010)"
27,202,"se borró(0.037), siempre en(0.027), yamil(0.026), equipo que(0.026), dejo(0.026), al equipo(0.026), son unos(0.026), año pasado(0.026), pasado(0.023), y no(0.022)"
28,201,"to watch(0.211), for free(0.061), the match(0.031), how to(0.026), live(0.024), india(0.014), tell me(0.010), can we(0.009), bro(0.009), do u(0.008)"
29,196,"chavales(0.081), thank you(0.053), more than(0.044), guys(0.038), should be(0.035), d(0.030), poli(0.022), birthday(0.021), peut(0.020), saludos(0.019)"
30,182,"tardes(0.035), buenas(0.032), odio(0.029), los arbitros(0.021), la boca(0.021), chat(0.019), they are(0.015), eres(0.015), es un(0.015), shit(0.013)"
31,181,"ferran torres(0.027), st(0.026), ferran is(0.023), out(0.020), attack(0.018), sell(0.015), subbed(0.013), should be(0.013), rashy(0.011), bring(0.011)"
32,170,"con vinicius(0.056), quedar(0.025), kiki(0.025), la primera(0.025), lamine no(0.023), es la(0.023), no tiene(0.022), vinicius no(0.020), given(0.019), cambios(0.019)"
33,167,"varcalona(0.108), where is(0.038), trash(0.029), ref(0.022), fc(0.019), decision(0.018), room(0.017), after the(0.016), inshallah(0.016), to make(0.016)"
34,162,"error(0.055), game is(0.024), try(0.023), analysis(0.021), show the(0.016), old(0.016), de lamine(0.015), bhaiya(0.015), futbol(0.014), always(0.014)"
35,161,"kiki(0.007), vamoss(0.006), penaltis(0.006), hala madridd(0.006), campeón(0.006), madrid halla(0.005), madridhala(0.005), it was(0.005), needed(0.004), madrid vamos(0.004)"
36,155,"2 2(0.415), atraco(0.015), 0(0.013), a 1(0.009), codazo(0.008), ho rha(0.006), would be(0.006), pls(0.006), nice(0.005), god(0.005)"
37,152,"handball(0.140), the ball(0.043), touch(0.036), il a(0.030), ballon(0.023), he was(0.020), a vinicius(0.017), no penalty(0.015), haram ball(0.014), hand ball(0.014)"
38,151,"yellow goal(0.066), goal text(0.065), trophy yellow(0.042), smiling trophy(0.042), number one(0.029), finger red(0.029), smile(0.020), person turquoise(0.017), blue peace(0.016), glasses purple(0.015)"
39,151,"bisca(0.103), love you(0.103), from(0.072), bro(0.055), barçaaa(0.045), me gusta(0.039), vamos barça(0.030), pedri is(0.021), you i(0.020), glory(0.019)"
40,150,"we lost(0.067), s our(0.039), loss(0.030), learn(0.025), view(0.024), a win(0.023), varcalona(0.023), wasn t(0.019), he will(0.019), today(0.019)"
41,148,"que no(0.046), no te(0.042), voy a(0.029), dices(0.029), quedar(0.024), hablar de(0.023), vini no(0.021), solo(0.017), save(0.015), don t(0.015)"
42,148,"cricfy(0.038), bro(0.037), varunpopat6652(0.036), 9 minutos(0.034), rebeca(0.034), 8 2(0.031), tf(0.031), shot(0.030), pues(0.029), instagram(0.024)"
43,142,"tamal(0.061), robar(0.055), segarro(0.049), ha hecho(0.047), dekhu(0.044), kha(0.042), no me(0.040), a 1(0.040), you are(0.038), pedri ko(0.037)"
44,140,"koundé(0.083), a la(0.048), viniiiiii(0.044), final(0.042), vestuario(0.041), captain(0.039), thoughts(0.035), del mundo(0.031), jong(0.029), vini is(0.029)"
45,137,"video(0.057), cricfy(0.043), share(0.042), always(0.025), make a(0.023), 400 00(0.019), highline(0.019), wtf is(0.018), corner(0.017), can you(0.016)"
46,137,"good(0.117), menos(0.045), me gusta(0.039), he is(0.028), going(0.027), yash(0.022), effect(0.021), decision(0.021), el empate(0.021), luck(0.020)"
47,135,"carrusel racistas(0.067), de carrusel(0.063), racistas los(0.063), racistas(0.063), los de(0.063), carrusel(0.061), los(0.044), de(0.020), (0.000), (0.000)"
48,133,"flaqui(0.030), que fue(0.023), papa(0.023), llorando(0.021), la calle(0.020), media(0.018), no tiene(0.017), de carvajal(0.017), años que(0.015), saco(0.015)"
49,130,"bellingham(0.356), 3rd(0.029), difference(0.029), months(0.027), so good(0.019), the best(0.018), ballon(0.018), best player(0.017), the world(0.016), he was(0.013)"
50,130,"1000 cámaras(0.055), no pueden(0.055), cámaras(0.055), 1000(0.054), real de(0.054), segundo gol(0.054), 24(0.052), de madrid(0.051), bhai aap(0.018), karta(0.018)"
51,125,"barca it(0.082), been 4(0.080), highline(0.055), could ve(0.054), 2 1(0.037), before the(0.030), leave(0.029), clear pen(0.027), zee bhai(0.022), position(0.019)"
52,125,"madrid win(0.040), gana el(0.019), madrid will(0.017), madrid is(0.015), will win(0.015), real madrid(0.013), need to(0.011), 1 madrid(0.009), deserved(0.009), real(0.009)"
53,124,"yamals(0.187), shot(0.157), this match(0.134), de juego(0.034), thoughts on(0.025), rashford ko(0.024), attacking(0.024), arsenal(0.021), defense(0.020), red(0.018)"
54,123,"jude(0.158), jajajajajaja(0.110), por eso(0.054), quieren(0.052), ha hecho(0.035), nadie(0.031), trampas(0.029), 20(0.027), cama(0.025), juego(0.022)"
55,123,"barça visca(0.091), visca el(0.075), visca barsa(0.035), visca catalunya(0.029), barca barca(0.018), love(0.017), barcaaaaa(0.014), que ha(0.014), ha pasado(0.014), gaya(0.011)"
56,123,"el final(0.110), winner(0.086), it s(0.036), vamos real(0.036), high(0.034), le réal(0.032), pressing(0.029), am(0.025), we are(0.017), se acabo(0.017)"
57,123,"the match(0.115), the man(0.077), won the(0.076), show(0.026), after the(0.015), rigged(0.013), match kaha(0.013), the game(0.012), bad(0.010), will(0.010)"
58,122,"barsa visca(0.036), always(0.030), bar(0.024), second half(0.024), better(0.021), be the(0.019), interview(0.019), barca fan(0.018), barca is(0.017), some(0.014)"
59,121,"nunca(0.042), fachajal(0.040), peno(0.039), est pas(0.036), se puede(0.024), pasa nada(0.024), nikal(0.023), no hay(0.022), touche pas(0.016), du(0.016)"
60,118,"00 from(0.090), jeetenge(0.040), 1 000(0.031), 20(0.021), night(0.014), 200 00(0.014), left(0.012), see(0.012), torres(0.012), end(0.011)"
61,117,"st(0.238), where is(0.036), working(0.036), hattrick(0.034), ferran is(0.033), we need(0.032), bring(0.024), is not(0.023), olmo(0.018), my man(0.013)"
62,114,"fútbol(0.077), futbol(0.062), football(0.037), teams(0.019), que no(0.017), un partido(0.016), periodistas(0.015), drama(0.015), es un(0.012), vergüenza(0.012)"
63,113,"a nada(0.034), possession(0.033), we had(0.026), half(0.020), second(0.020), match(0.016), the pitch(0.015), jugar(0.014), u think(0.014), happened(0.013)"
64,112,"笑(1.517), rey(0.104), everyone(0.091), here(0.072), de la(0.051), c est(0.047), lamine yamal(0.041), al(0.020), we(0.014), lamine(0.014)"
65,110,"35(0.139), meter(0.056), difference(0.028), foot(0.028), i would(0.026), peeche(0.025), offside(0.025), call(0.025), home(0.024), injured(0.023)"
66,110,"8 4(0.115), negreira boys(0.113), alguien que(0.066), liga corrupta(0.044), negreira negreira(0.033), mundial(0.026), debería(0.023), pagar(0.020), dijo(0.020), arriba(0.019)"
67,105,"pedri is(0.034), pitch(0.028), s why(0.021), looked(0.020), board(0.016), control(0.015), played(0.014), best(0.014), next match(0.013), shots(0.012)"
68,104,"stamp(0.198), time stamp(0.184), time(0.064), what happened(0.043), it was(0.022), clear(0.013), police(0.010), stp(0.009), came(0.009), what s(0.008)"
69,104,"bye(1.377), gn(0.122), no está(0.120), por eso(0.120), sir(0.103), guys(0.075), it s(0.021), bhai(0.012), la(0.010), over(0.007)"
70,104,"jugo(0.058), rodrygo(0.055), les duele(0.054), yamal todos(0.053), bocaza(0.053), a hablar(0.053), todos contra(0.053), vini jr(0.050), de yamal(0.048), mejor(0.035)"
71,104,"chavales(0.171), que pena(0.168), verguenza(0.161), grande(0.157), tienen(0.145), jajajaja(0.082), más(0.078), gana el(0.059), que hay(0.024), equipos(0.022)"
72,101,"100(0.279), fede(0.100), what is(0.097), je suis(0.088), cope(0.082), el barça(0.065), d(0.050), 1(0.045), why(0.037), for(0.018)"
73,98,"no pen(0.682), pen(0.352), hat(0.013), nikal(0.013), penn(0.012), it was(0.009), point(0.009), go(0.007), pls(0.006), offside(0.006)"
74,98,"became(0.393), of membership(0.118), months of(0.118), joan garcia(0.031), fit(0.028), brother(0.028), rapha(0.022), olmo(0.022), never(0.019), to improve(0.011)"
75,98,"spanish(0.174), captain(0.159), bhai lamine(0.111), carvajal(0.092), with(0.056), lamentable(0.047), zee bhai(0.043), zee(0.040), on est(0.016), won t(0.015)"
76,97,"10x(0.163), baila vini(0.096), pobre(0.027), a vinicius(0.020), no es(0.018), senabre(0.013), benched(0.013), count(0.013), giving(0.013), stp(0.012)"
77,97,"refresh(0.442), stream(0.216), wsh(0.026), why is(0.025), fair(0.025), hydrate(0.025), has been(0.025), but we(0.025), nuevo(0.024), rebeca(0.023)"
78,93,"come back(0.101), is going(0.070), to come(0.068), barca and(0.031), we will(0.028), game is(0.026), at our(0.024), nou(0.022), camp(0.022), jersey(0.020)"
79,92,"birthday(1.008), my(0.435), today(0.343), is(0.101), (0.000), (0.000), (0.000), (0.000), (0.000), (0.000)"
80,91,"valverde(0.158), injury(0.062), is on(0.046), expected(0.042), zyada(0.041), position(0.038), bhai barca(0.036), half(0.024), out(0.019), last season(0.014)"
81,89,"rashford(0.160), games(0.030), runs(0.028), missed(0.027), balde(0.024), should do(0.024), chances(0.023), score more(0.021), is bad(0.019), shot(0.015)"
82,88,"free(0.178), koi(0.152), super chat(0.079), bohot(0.072), site(0.060), live(0.051), batao(0.038), hai(0.024), log(0.021), bhai(0.020)"
83,87,"turqouise waving(0.245), person turqouise(0.245), waving person(0.242), vendas(0.039), lamine balón(0.039), person turquoise(0.019), jugo(0.015), habla de(0.006), corona(0.005), rome(0.005)"
84,87,"winter(0.124), survive(0.105), to sign(0.090), cb(0.078), we need(0.052), hacen(0.041), no saben(0.041), en champions(0.040), perder(0.037), los clásicos(0.034)"
85,87,"over text(0.085), green game(0.083), text green(0.083), game over(0.083), waving person(0.004), pitch(0.003), elbowcough(0.003), minutes(0.003), khatam(0.001), balón de(0.000)"
86,86,"de hablar(0.084), down(0.071), stop(0.043), calma calma(0.041), qu il(0.038), casa(0.036), up(0.028), enjoy(0.020), de la(0.020), assist(0.019)"
87,85,"eres(0.058), 7 1(0.046), qu il(0.041), have been(0.040), hors jeu(0.039), city(0.037), no me(0.037), should have(0.032), sa(0.031), going(0.030)"
88,85,"discord gg(0.255), https discord(0.255), join(0.249), je suis(0.007), sign(0.006), how(0.003), if(0.003), should(0.002), real(0.001), we(0.001)"
89,84,"diddy(0.227), ponky(0.224), football(0.050), ban(0.048), kick(0.047), still(0.042), stream(0.038), watching(0.035), come to(0.026), a little(0.025)"
90,83,"sybau(0.127), w mbappe(0.091), gaydrid gaydrid(0.062), negreira negreira(0.056), jersey change(0.054), beta(0.049), bhai jersey(0.042), cry more(0.037), jeet(0.035), fan bhai(0.034)"
91,82,"wtf is(0.173), bc(0.085), bench(0.049), ponkyy(0.046), line(0.045), robbed(0.044), ref(0.035), will be(0.031), up(0.025), bro(0.014)"
92,82,"sports(0.248), stats(0.071), la prensa(0.053), players(0.048), son unos(0.033), still(0.026), del partido(0.023), asco de(0.022), can we(0.021), teams(0.021)"
93,82,"cooking(0.125), yamal got(0.041), mins(0.036), valverde(0.035), gonna(0.032), lamine is(0.029), we are(0.028), still(0.024), and carreras(0.019), bro(0.019)"
94,81,"madriddd(0.127), madri(0.073), varcalona(0.044), halal(0.042), barca hala(0.042), lamine lamine(0.041), call(0.039), bench(0.038), pedri ko(0.032), rapha(0.030)"
95,81,"la calle(0.089), balls(0.086), went(0.085), park the(0.085), all the(0.080), have been(0.076), bus(0.075), 2nd half(0.071), if(0.032), time(0.027)"
96,79,"white horns(0.195), goat turquoise(0.195), turquoise white(0.195), speaking(0.034), bye(0.030), person blue(0.028), fish(0.027), foot(0.025), hair(0.008), ferran torres(0.008)"
97,78,"d or(0.044), ballon(0.034), mbappe mbappe(0.026), should have(0.026), arajuo(0.018), looking(0.018), you think(0.017), 100(0.016), hattrick(0.016), believe(0.014)"
98,77,"raha hai(0.077), hoy en(0.067), pagar(0.066), dia(0.058), tenéis(0.022), high(0.022), chal(0.017), más(0.015), peno(0.015), arda(0.014)"
99,76,"let(0.075), go(0.073), we should(0.059), vamos barça(0.042), cope(0.026), chicos(0.022), barza(0.020), us(0.016), por el(0.015), again(0.014)"
100,76,"waving(0.255), blue(0.114), bellingham(0.103), octopus(0.092), red waving(0.092), octopus red(0.092), lamine no(0.042), años(0.023), barcelone(0.018), red(0.011)"
101,76,"los dos(0.240), el balón(0.089), son(0.088), normal(0.085), arbitre(0.080), est pas(0.079), can t(0.055), should be(0.049), be(0.022), it(0.021)"
102,76,"dormir(0.393), lamin(0.063), yamal lamine(0.049), unc(0.048), everyone(0.042), around(0.041), a favor(0.039), go(0.026), do you(0.022), pero(0.020)"
103,76,"(0.000), (0.000), (0.000), (0.000), (0.000), (0.000), (0.000), (0.000), (0.000), (0.000)"
104,76,"stay humble(0.168), yamal got(0.056), wait(0.043), guys(0.028), refree(0.019), needed to(0.017), half(0.017), months(0.017), life(0.016), you are(0.014)"
105,75,"madrid fan(0.038), fan(0.031), support(0.029), bhai madrid(0.023), bhi nhi(0.019), team(0.016), ka kya(0.015), madrid ko(0.015), and barca(0.014), the same(0.014)"
106,75,"gayi(0.147), wtf is(0.023), nikal(0.022), diddy(0.021), defend(0.020), baar(0.019), gaydrid gaydrid(0.019), if u(0.018), corner(0.018), chance(0.017)"
107,75,"fans(0.079), barca fans(0.051), barca(0.031), the only(0.025), defeat(0.025), i have(0.024), cry more(0.022), some(0.019), this season(0.018), playing(0.017)"
108,75,"elbowcough elbowcough(0.414), stayhome(0.154), yougotthis yougotthis(0.150), hydrate(0.076), red penalty(0.011), card(0.010), buffering(0.004), medal yellow(0.004), first red(0.004), green(0.003)"
109,74,"viva españa(0.037), madrid no(0.023), juega a(0.020), no ha(0.020), lamine no(0.019), español(0.018), un equipo(0.015), madrid que(0.015), comentaristas(0.014), de jong(0.014)"
110,74,"a striker(0.059), as a(0.047), arajuo(0.044), bring(0.040), to play(0.034), wrong(0.031), we need(0.028), 2 a(0.017), corner(0.015), single(0.013)"
111,74,"a ganado(0.053), los dos(0.049), pasado(0.042), con el(0.037), todo(0.032), mejor(0.027), partidos(0.024), vini no(0.023), ojalá(0.022), el mejor(0.021)"
112,74,"笑(0.616), youtube(0.248), making(0.077), going to(0.072), you are(0.069), didn t(0.066), yash(0.050), 100(0.040), why(0.032), on(0.018)"
113,72,"rapha(0.047), vini and(0.037), another(0.026), subbed(0.025), level(0.025), is on(0.024), was not(0.024), bench(0.023), out(0.021), today(0.014)"
114,72,"save(0.417), saved us(0.173), humiliation(0.128), from(0.046), your(0.040), bro(0.032), confidence(0.018), farsa(0.017), now(0.017), our defence(0.016)"
115,71,"valores(0.275), niño(0.212), tamal(0.139), donde esta(0.135), son los(0.133), rey(0.090), real madrid(0.076), esta(0.068), khela(0.044), madrid(0.014)"
116,70,"año pasado(0.087), pasado(0.076), farsa(0.051), last(0.035), se borró(0.035), last season(0.029), meme(0.021), remember(0.018), season(0.018), 4 el(0.017)"
117,70,"nn(0.902), penn(0.228), kick(0.072), vamosss(0.068), not a(0.065), should have(0.058), team(0.033), 3 1(0.030), out(0.026), real(0.011)"
118,70,"buffering(0.422), vini post(0.184), performance(0.071), check(0.030), orange frowning(0.029), are you(0.008), bhai what(0.008), comeback(0.006), yellow goal(0.002), text yellow(0.002)"
119,70,"vamos real(0.063), le real(0.054), mandriles(0.030), king(0.026), trampas(0.024), el classico(0.021), vous(0.021), show(0.020), fake(0.019), this(0.018)"
120,70,"fake(0.238), spam(0.177), why are(0.029), guys(0.023), goal walo(0.023), ki mkc(0.022), chat(0.020), ban(0.020), don t(0.014), people(0.011)"
121,69,"problem(0.070), and mbappe(0.070), together(0.068), will score(0.064), hope(0.058), vini and(0.042), half(0.035), up(0.033), last(0.031), first(0.027)"
122,69,"hand(0.452), clear(0.071), dekho(0.043), box(0.035), mkc(0.034), bro(0.029), bad(0.027), in the(0.025), ha(0.021), for(0.010)"
123,69,"pedro(0.072), jugando(0.038), siempre(0.025), ceballos(0.025), florentino(0.024), cambio(0.023), gol de(0.022), cruz(0.021), estaba(0.021), papa(0.020)"
124,69,"ya lo(0.087), meter(0.086), gagne(0.083), que lo(0.078), qu il(0.077), tiene que(0.067), dijo(0.063), le barça(0.062), con el(0.060), hay que(0.053)"
125,69,"la primera(0.085), ha hecho(0.082), pero(0.071), what happened(0.045), cause(0.043), eso(0.043), pense(0.041), qu il(0.039), sort(0.038), happened(0.034)"
126,68,"missed(0.145), and lewa(0.081), we should(0.065), barca is(0.044), should not(0.033), him(0.023), a lot(0.021), raphinia(0.021), lewandowski(0.020), zee bhai(0.016)"
127,68,"disgrace(0.246), el empate(0.051), drama(0.051), the most(0.025), class(0.024), manolo(0.024), comparing(0.023), arbitro(0.023), bellingham(0.022), llorando(0.021)"
128,68,"(0.000), (0.000), (0.000), (0.000), (0.000), (0.000), (0.000), (0.000), (0.000), (0.000)"
129,68,"carreras and(0.057), belligoal(0.055), rivalry(0.052), nobody(0.051), was top(0.051), today he(0.050), table time(0.050), kounde and(0.050), side(0.044), too much(0.040)"
130,68,"pidiendo la(0.117), penal(0.074), robando(0.070), jajajajajaja(0.065), 2 1(0.051), los 3(0.022), park the(0.021), nota(0.021), rebeca(0.019), no tiene(0.018)"
131,68,"madri(0.116), qui a(0.087), hag(0.080), golazo(0.070), señor(0.033), vini ko(0.032), ke(0.027), sub(0.022), y no(0.016), mappe(0.016)"
132,67,"again(0.108), that was(0.041), it is(0.039), 50(0.038), offside(0.019), h(0.017), why(0.015), will(0.011), be(0.011), no(0.004)"
133,66,"(0.000), (0.000), (0.000), (0.000), (0.000), (0.000), (0.000), (0.000), (0.000), (0.000)"
134,65,"winter(0.021), defensive(0.021), window(0.018), bring(0.016), we need(0.015), bro(0.014), our defence(0.013), to improve(0.013), from barca(0.012), zee bhai(0.012)"
135,65,"que es(0.159), es el(0.155), todos(0.078), unc(0.070), el barça(0.043), shit(0.039), lo que(0.037), flick(0.032), this(0.014), was(0.013)"
136,64,"peor(0.097), is so(0.086), il a(0.053), that s(0.051), attitude(0.041), is bad(0.034), estás(0.034), luck(0.033), wrong(0.024), is not(0.020)"
137,64,"pk(3.427), (0.000), (0.000), (0.000), (0.000), (0.000), (0.000), (0.000), (0.000), (0.000)"
138,64,"bc(0.453), rma(0.089), off(0.065), gye(0.054), xd(0.029), open(0.029), refresh(0.027), new(0.024), rocket(0.022), show(0.022)"
139,64,"dive(0.489), yellow(0.070), every(0.032), class(0.024), playing(0.024), what if(0.023), level(0.023), xd(0.022), card(0.020), not a(0.020)"
140,63,"he could(0.202), his hand(0.202), that was(0.195), extra(0.187), could have(0.121), had(0.115), back(0.076), hand(0.062), but(0.047), he(0.036)"
141,62,"of(0.284), es muy(0.154), parece(0.147), sus(0.134), le barça(0.116), grande(0.111), iturralde(0.090), muy(0.074), siempre(0.064), son(0.054)"
142,61,"rodrygo(0.193), faire jouer(0.171), rw(0.030), you re(0.028), bhai let(0.028), incoming(0.028), happy(0.018), decision(0.015), cook(0.014), come(0.014)"
143,61,"jaye(0.793), ga(0.727), var(0.402), ho(0.264), to(0.082), (0.000), (0.000), (0.000), (0.000), (0.000)"
144,61,"jersey change(0.414), change(0.339), bhai jersey(0.033), no 10(0.026), should be(0.019), kya(0.018), lucky(0.016), madrid ki(0.016), doesnt(0.016), want(0.011)"
145,61,"justified(0.049), i don(0.046), the players(0.041), hansi(0.039), confidence(0.037), play a(0.037), tactics(0.030), 90(0.028), will change(0.022), u think(0.020)"
146,60,"will score(0.186), performance(0.041), prediction(0.038), 90(0.037), we will(0.033), kya(0.025), scores(0.014), 8(0.014), tonight(0.014), we don(0.014)"
147,60,"si es(0.403), roncero(0.273), es un(0.256), este(0.172), si(0.117), es(0.089), un(0.088), del(0.060), no(0.035), (0.000)"
148,60,"start(0.342), what if(0.101), already(0.049), kick(0.047), ho gya(0.046), it was(0.039), el classico(0.039), y no(0.025), off(0.021), who(0.020)"
149,60,"smokey(0.399), lamine a(0.068), jugado(0.062), saved us(0.045), on fire(0.045), cook(0.022), it could(0.022), tonight(0.022), boy(0.021), giving(0.021)"
150,59,"instead of(0.513), instead(0.504), sólo(0.454), rashy(0.424), roony(0.358), ferran(0.177), es(0.111), of(0.089), (0.000), (0.000)"
151,59,"lord(0.149), pray(0.086), fede(0.048), believe in(0.046), on the(0.043), day(0.031), araujo(0.023), again(0.022), us(0.016), hell(0.016)"
152,59,"balón(0.185), balón de(0.177), de playa(0.177), balon de(0.050), el balón(0.041), lamine balón(0.040), nuevo(0.038), tamal(0.034), todo el(0.030), messi(0.018)"
153,59,"i would(0.549), draw(0.400), would(0.312), take(0.299), me(0.107), i(0.085), a(0.030), (0.000), (0.000), (0.000)"
154,59,"site(0.064), free(0.061), these(0.050), only(0.029), can(0.019), bro(0.016), on(0.013), me(0.012), la(0.008), no(0.006)"
155,58,"stop(0.109), ponkyy(0.053), lost(0.042), hard(0.037), leave(0.029), and cry(0.026), much more(0.024), always(0.019), difference(0.016), a foul(0.016)"
156,58,"barsa vamos(0.636), vamos barsa(0.609), barsa(0.350), vamos(0.180), on a(0.017), vamos vamos(0.012), on(0.004), a(0.001), (0.000), (0.000)"
157,58,"it is(0.050), es la(0.049), is that(0.046), tiene que(0.042), that s(0.040), yes(0.036), save(0.034), it(0.026), this is(0.026), il(0.018)"
158,58,"score(0.056), i think(0.039), madrid 4(0.034), madrid 2(0.028), the last(0.027), have to(0.025), in january(0.025), at the(0.025), 5 2(0.022), minutes(0.022)"
159,58,"ve been(0.046), easily(0.041), or 5(0.041), could ve(0.038), should have(0.037), up the(0.030), 3 points(0.029), have been(0.026), 0(0.024), 1 0(0.021)"
160,58,"imagen(0.085), people(0.060), clean(0.051), check(0.036), vergüenza(0.036), respect(0.036), why(0.029), est nul(0.028), nous(0.028), c(0.027)"
161,58,"penaltis(0.035), runs(0.035), the box(0.035), de mbappe(0.034), 9 minutos(0.033), close(0.032), bench(0.032), the only(0.031), play a(0.031), selección(0.030)"
162,58,"w w(0.567), wsh(0.387), h(0.153), main(0.069), comment(0.053), balde(0.047), y a(0.043), striker(0.037), raha(0.033), 9(0.027)"
163,58,"effect(0.145), today s(0.136), u think(0.112), would have(0.105), fight(0.085), vini and(0.080), bhai do(0.061), bhaiya(0.033), we don(0.017), respect for(0.017)"
164,57,"w w(1.240), w(0.673), (0.000), (0.000), (0.000), (0.000), (0.000), (0.000), (0.000), (0.000)"
165,57,"j ai(0.640), mon(0.606), ai(0.606), j(0.447), pour(0.324), barça(0.164), (0.000), (0.000), (0.000), (0.000)"
166,57,"todos los(0.131), hay que(0.093), arbitre(0.069), the only(0.065), pourquoi(0.061), hope(0.059), is the(0.044), carreras(0.027), no(0.013), de(0.009)"
167,57,"scared(0.440), j ai(0.213), to take(0.076), lmao(0.066), life(0.065), lamine is(0.058), getting(0.047), bro(0.037), yamal is(0.035), today(0.025)"
168,57,"dos tres(0.088), madrid uno(0.085), uno(0.078), madridhala(0.055), hala(0.046), bobby(0.017), mastantuono(0.014), endrick(0.013), baar(0.011), hala madridd(0.002)"
169,56,"madrid vamos(0.085), go(0.073), soy(0.048), no es(0.031), el real(0.028), real madrid(0.019), madriddddd(0.015), count(0.015), madrid es(0.015), madrid ko(0.014)"
170,56,"carvahal(0.115), carvajal es(0.062), es lo(0.056), valverde(0.026), curbasí(0.021), carvajal and(0.021), flop(0.021), calm(0.020), captain(0.019), is coming(0.018)"
171,56,"slow(0.341), 15(0.190), speed(0.141), bhai mbappe(0.045), runs(0.043), behind(0.040), more goals(0.040), score more(0.038), performance(0.021), views on(0.014)"
172,55,"vous(0.140), qui a(0.049), lord(0.048), cambios(0.046), le réal(0.046), highline(0.043), vamoooos(0.043), penalti(0.041), le barça(0.035), baila vini(0.035)"
173,55,"nicki nicole(0.157), fachajal(0.065), but not(0.062), defenders(0.061), after the(0.059), a lamine(0.059), open(0.056), injury(0.044), finished(0.032), mere(0.028)"
174,55,"los dos(0.119), no te(0.113), equipos(0.112), le barca(0.108), están(0.091), que le(0.080), a la(0.073), real(0.018), barca(0.013), a(0.007)"
175,54,"doesnt(0.258), dani(0.197), olmo(0.196), est trop(0.032), we don(0.030), media(0.029), defend(0.029), how to(0.025), feels like(0.024), it s(0.017)"
176,54,"vini vini(0.443), given(0.169), niñato(0.120), que yamal(0.076), carvajal(0.070), más(0.067), años que(0.055), por eso(0.054), que un(0.052), 18(0.035)"
177,54,"que no(0.042), cama(0.034), idea(0.025), el otro(0.023), pedro(0.023), eres un(0.023), vini ko(0.023), que fue(0.023), minute(0.022), qu il(0.022)"
178,54,"j ai(0.187), quand(0.177), perdu(0.100), aussi(0.098), temps(0.095), call(0.088), had(0.056), ne(0.043), pas(0.037), c(0.032)"
179,54,"waving hand(0.173), pink waving(0.148), octopus red(0.011), rebeca(0.003), trophy yellow(0.002), penalti a(0.002), estos(0.002), smiling trophy(0.001), smiling hand(0.001), fútbol(0.001)"
180,54,"fc negreira(0.234), fc(0.211), league(0.045), gool(0.037), full(0.025), vs(0.021), donde esta(0.020), empieza(0.019), jajajajaja(0.017), el peor(0.016)"
181,54,"the best(0.057), bellingham(0.041), valverde(0.037), top(0.035), del mundo(0.033), are the(0.030), you are(0.023), best midfielder(0.015), mejor el(0.015), del barsa(0.014)"
182,54,"de oro(0.156), por un(0.066), stp(0.058), les gars(0.057), vida(0.056), gars(0.056), farsa(0.052), box(0.040), hablar(0.028), no(0.006)"
183,54,"gonzalo(0.530), go(0.372), goallllll(0.278), goalll(0.278), gol gol(0.171), golazo(0.139), gol(0.135), one(0.044), more(0.043), mbappe(0.031)"
184,53,"nada mas(0.080), nada más(0.073), lamine no(0.038), hablando(0.037), nul nul(0.021), flop(0.021), koundé(0.020), no ha(0.020), tonto(0.020), ha hecho(0.019)"
185,53,"madrid real(0.316), real madrid(0.140), real(0.095), forever(0.042), kings(0.041), madrid(0.037), never(0.027), hala madrid(0.023), hala(0.021), バルサ(0.014)"
186,53,"periodistas(0.073), periodismo(0.061), que asco(0.037), asco(0.027), press(0.027), comentaristas(0.023), radio(0.020), pero no(0.016), looks(0.016), no saben(0.016)"
187,52,"perdu(0.071), rien(0.064), sort(0.061), il est(0.052), ferran(0.028), con el(0.028), jajaja(0.025), he is(0.023), wtf is(0.020), que va(0.020)"
188,52,"fue y(0.320), que fue(0.286), y que(0.263), fue(0.251), it was(0.070), y(0.060), que(0.051), it(0.024), was(0.018), (0.000)"
189,52,"pero si(0.144), a bit(0.139), 11(0.130), bit(0.128), we should(0.121), injury(0.109), be a(0.108), el partido(0.100), should be(0.089), ferran(0.057)"
190,52,"vinicius y(0.101), vergüenza(0.066), tunnel(0.046), gaya(0.034), scoring(0.021), meme(0.021), vini ne(0.020), la balle(0.020), rome(0.019), pura(0.019)"
191,51,"sabe(0.214), cuando(0.165), je(0.149), no se(0.146), o(0.130), penalti(0.119), pas(0.107), ya(0.087), mbappe(0.064), no(0.050)"
192,51,"robando(0.149), jajajaja(0.148), no juega(0.048), enjoy(0.027), to get(0.026), day(0.025), deserve(0.024), fuck(0.022), humbled(0.020), guys(0.017)"
193,50,"est trop(0.224), trop(0.220), no te(0.130), poli(0.077), drama(0.076), normal(0.072), asco(0.050), gaya(0.040), je(0.039), varca(0.029)"
194,50,"talk about(0.104), sc(0.100), kings(0.050), neymar(0.031), bhai what(0.031), balón de(0.027), fermin(0.027), de playa(0.026), kounde and(0.023), missed(0.022)"
195,50,"yes(2.663), (0.000), (0.000), (0.000), (0.000), (0.000), (0.000), (0.000), (0.000), (0.000)"
196,50,"chill(0.829), là(0.091), hot(0.090), 35(0.090), down(0.075), bro(0.067), trop(0.066), guys(0.055), up(0.040), gol(0.015)"
197,50,"vinicius no(0.110), normal(0.054), vinicius(0.053), subbed(0.053), negreira(0.049), should not(0.043), prensa(0.038), hablar(0.024), gg(0.024), pero(0.023)"
198,50,"vardrid(0.673), están(0.078), imagen(0.056), started(0.049), cómo(0.048), mejor(0.037), we are(0.028), y no(0.026), real(0.016), it(0.014)"
199,49,"u have(0.109), madrid hola(0.092), hola(0.075), negros(0.072), bhai if(0.056), money(0.055), and barca(0.051), for madrid(0.046), signing(0.040), make(0.031)"
200,49,"lmao(0.797), l(0.792), am a(0.224), decision(0.114), am(0.106), vardrid(0.059), y(0.021), a(0.012), (0.000), (0.000)"
201,49,"non(1.698), oh(0.174), no no(0.159), hell(0.069), no(0.044), i think(0.040), don(0.032), think(0.021), i(0.011), (0.000)"
202,49,"messi(0.153), survive(0.056), few(0.046), today s(0.034), what if(0.033), cooked(0.027), players(0.027), we ll(0.027), bar(0.022), level(0.020)"
203,48,"playa lamine(0.151), balón de(0.137), balon de(0.109), bocazas(0.103), united(0.050), ya se(0.036), lamine balón(0.029), vinicius(0.019), lamine lamine(0.009), barca(0.006)"
204,48,"change(0.202), penal(0.138), no es(0.135), jersey(0.063), jersey change(0.050), life(0.035), will change(0.034), brahim(0.028), plz(0.024), we need(0.020)"
205,47,"no no(1.194), no(0.177), way(0.116), not given(0.047), fucking(0.042), given(0.035), not(0.011), (0.000), (0.000), (0.000)"
206,47,"こんばんは(0.428), que asco(0.166), asco(0.121), mucho(0.118), estás(0.090), me gusta(0.087), veo(0.081), gusta(0.079), chat(0.048), me(0.033)"
207,47,"madrid hala(0.067), corrupción(0.042), minuto(0.039), a 1(0.034), final(0.016), madridismo(0.014), solo(0.012), del partido(0.010), que no(0.009), roja(0.009)"
208,47,"バルサ(0.348), doesn t(0.075), psg(0.073), champions(0.065), still(0.048), que tu(0.044), be happy(0.040), league(0.034), today(0.032), win(0.029)"
209,47,"is shit(0.092), life(0.088), wtf is(0.051), mierda(0.041), cope(0.039), your(0.038), done(0.037), ref(0.031), man(0.021), bro(0.012)"
210,47,"biggest(1.343), vini(0.127), the(0.112), (0.000), (0.000), (0.000), (0.000), (0.000), (0.000), (0.000)"
211,47,"(0.000), (0.000), (0.000), (0.000), (0.000), (0.000), (0.000), (0.000), (0.000), (0.000)"
212,47,"de oro(0.265), oro yamal(0.156), tamal(0.070), min(0.055), bocaza de(0.039), d or(0.031), segarro(0.019), corona(0.018), mins(0.015), old(0.013)"
213,46,"qué(0.188), la(0.164), a ver(0.144), dice(0.131), poli(0.087), ver(0.072), varca(0.065), barsa(0.059), contra(0.057), un(0.037)"
214,46,"(0.000), (0.000), (0.000), (0.000), (0.000), (0.000), (0.000), (0.000), (0.000), (0.000)"
215,46,"(0.000), (0.000), (0.000), (0.000), (0.000), (0.000), (0.000), (0.000), (0.000), (0.000)"
216,46,"future(0.064), some(0.052), know(0.049), viva(0.049), is the(0.046), i think(0.044), y nada(0.040), be(0.040), gol de(0.023), vamos(0.014)"
217,45,"f c(0.858), f(0.741), ca(0.029), ils(0.028), barcelonais(0.028), pk(0.024), spam(0.020), 2 2(0.011), 2(0.008), (0.000)"
218,45,"banger(0.111), arbitre(0.058), penelope cruz(0.055), last(0.053), give me(0.051), how(0.048), long(0.044), que le(0.040), chat(0.035), when(0.030)"
219,45,"his hand(0.164), no es(0.111), que el(0.079), meter(0.047), clear(0.029), raised(0.025), why is(0.023), coach(0.023), taking(0.022), little(0.021)"
220,45,"bus(0.290), park(0.264), park the(0.240), de la(0.065), pied(0.022), have seen(0.021), first time(0.021), a pase(0.021), for the(0.018), bring(0.014)"
221,45,"si el(0.263), no tiene(0.254), el barsa(0.213), fight(0.089), there(0.079), 5(0.077), in the(0.064), just(0.046), was(0.027), no(0.026)"
222,45,"carvajal(0.171), push(0.050), es penalti(0.042), 90(0.035), que le(0.034), a foul(0.033), the end(0.021), a penalty(0.020), lamentable(0.016), was a(0.016)"
223,45,"continue(0.060), youtube(0.059), ta(0.049), if barca(0.030), was good(0.029), substitution(0.028), happened(0.023), would have(0.022), vini was(0.021), he was(0.020)"
224,45,"baila vini(0.363), barks(0.072), con la(0.055), 15(0.036), don t(0.033), jeet(0.015), gya(0.015), gaya(0.013), performance(0.011), ball(0.009)"
225,44,"bata(0.614), laga(0.591), dedo(0.571), bol(0.487), needed(0.447), bc(0.336), (0.000), (0.000), (0.000), (0.000)"
226,44,"(0.000), (0.000), (0.000), (0.000), (0.000), (0.000), (0.000), (0.000), (0.000), (0.000)"
227,43,"the most(0.152), had the(0.150), over the(0.123), last 4(0.119), xg(0.116), out of(0.097), team(0.061), barcelona(0.043), real madrid(0.031), je suis(0.013)"
228,43,"alonso(0.094), reaction(0.068), substitution(0.038), was playing(0.034), t like(0.032), didn(0.029), room(0.022), the win(0.021), we ll(0.021), madrid fan(0.021)"
229,43,"vini was(0.110), vini(0.051), playing good(0.042), better than(0.030), is not(0.024), this season(0.021), this match(0.019), the game(0.019), the best(0.017), team(0.017)"
230,43,"used to(0.070), season(0.044), error(0.028), no me(0.025), corrupto(0.023), arrogant(0.022), the field(0.021), to talk(0.020), jugador(0.019), but he(0.017)"
231,43,"gg(1.559), g(0.101), j(0.077), jr(0.048), (0.000), (0.000), (0.000), (0.000), (0.000), (0.000)"
232,43,"el clasico(0.067), arbitraje(0.065), feels like(0.059), son(0.052), old(0.051), en la(0.039), 4(0.035), c est(0.034), ball(0.030), c(0.025)"
233,43,"arda(0.367), yash bhai(0.111), midfield(0.081), valverde(0.071), come(0.055), hors jeu(0.033), still(0.030), instead(0.019), conceded(0.019), should do(0.019)"
234,43,"18(0.125), este chico(0.049), age(0.043), father(0.037), doesn t(0.032), understand(0.031), he is(0.027), fan i(0.026), old(0.020), apne(0.019)"
235,43,"we were(0.104), arrogant(0.098), biggest(0.081), plays(0.080), the world(0.065), that yamal(0.063), he should(0.058), old(0.054), club(0.039), lucky(0.028)"
236,42,"pobre(0.099), bit(0.098), de jong(0.084), este chico(0.074), niñato(0.043), these(0.039), lamentable(0.037), a los(0.032), baby(0.022), madrid and(0.020)"
237,42,"codazo a(0.119), carbajal(0.118), penalti de(0.109), ladrones(0.086), es muy(0.058), la prensa(0.052), gol(0.024), winner(0.013), was good(0.013), nadie(0.011)"
238,42,"sorry(0.633), rashford(0.095), torres(0.075), jong(0.070), hansi flick(0.067), balde(0.065), fermin(0.051), flick(0.047), join(0.034), yamal lamine(0.031)"
239,42,"gg(0.365), gn(0.324), join(0.214), discord gg(0.208), https discord(0.208), https(0.180), unc(0.106), footem(0.031), gya(0.022), on(0.007)"
240,42,"perdonando(0.162), a yamal(0.079), ficticius(0.074), si el(0.071), a vinicius(0.061), habla(0.055), es un(0.051), 6(0.041), y no(0.038), finally(0.022)"
241,42,"a vinicius(0.054), vinicius no(0.037), de vinicius(0.037), ahora(0.036), vinicius y(0.028), es un(0.027), cambio(0.026), de la(0.021), vestuario(0.014), penaltis(0.014)"
242,42,"4(0.601), 5(0.348), (0.000), (0.000), (0.000), (0.000), (0.000), (0.000), (0.000), (0.000)"
243,41,"more humble(0.065), interviews(0.063), should talk(0.063), a little(0.063), rather than(0.063), bhai lamine(0.053), he should(0.048), be a(0.045), the ball(0.043), field(0.034)"
244,41,"franchement(0.806), et(0.384), son(0.270), il(0.264), but(0.190), (0.000), (0.000), (0.000), (0.000), (0.000)"
245,41,"who is(0.128), head(0.075), is coming(0.066), epic(0.065), that s(0.056), eres(0.048), poli(0.039), de la(0.036), ke(0.023), bro(0.019)"
246,41,"itu(0.107), eres un(0.069), piche hai(0.059), olmo(0.051), eres(0.048), attack(0.039), meme(0.025), el codazo(0.025), ass(0.024), que tu(0.024)"
247,41,"dejen(0.240), stop(0.170), se acabo(0.126), puedes(0.124), ffs(0.111), par(0.086), mbappé(0.071), carreras(0.044), la(0.031), that(0.030)"
248,41,"(0.000), (0.000), (0.000), (0.000), (0.000), (0.000), (0.000), (0.000), (0.000), (0.000)"
249,41,"alvarez(0.091), lewandowski(0.070), remember(0.065), replacement(0.060), we need(0.056), the best(0.047), would be(0.036), strong(0.036), captain(0.034), barca should(0.032)"
250,41,"payaso(0.258), otra(0.239), padre(0.234), de lamine(0.212), se puede(0.207), lamine no(0.170), no se(0.139), balde(0.057), t(0.023), it(0.022)"
251,41,"arbitraje(0.130), los compra(0.100), compra árbitros(0.078), los árbitros(0.051), árbitro(0.048), prensa(0.028), no saben(0.027), perder(0.025), yougotthis(0.025), vergüenza(0.018)"
252,41,"años de(0.230), a todos(0.212), gracias(0.196), congrats(0.038), congratulations(0.037), koundé(0.036), thank(0.030), end(0.027), our(0.013), de(0.009)"
253,41,"goallll(1.424), goallllll(1.008), goall(0.720), trent(0.090), midfield(0.088), my(0.054), in(0.020), over(0.020), (0.000), (0.000)"
254,41,"check(0.388), career(0.095), bs(0.050), interview(0.045), yamal(0.035), need to(0.031), post(0.028), table(0.026), offside(0.023), watch(0.017)"
255,40,"varca(0.780), negreira(0.445), (0.000), (0.000), (0.000), (0.000), (0.000), (0.000), (0.000), (0.000)"
256,40,"duela(0.486), aunque(0.468), culés(0.425), más(0.226), 5(0.174), pehle(0.016), ro(0.014), sec(0.010), raha(0.007), tha(0.006)"
257,40,"piche hai(0.121), manolo(0.058), yar(0.051), como se(0.029), que te(0.028), que lo(0.028), lama(0.026), yamal a(0.026), il est(0.023), venga(0.022)"
258,39,"https discord(0.299), discord gg(0.299), discord(0.288), https(0.258), gg(0.241), markaroni(0.239), join(0.186), at(0.061), match(0.032), (0.000)"
259,39,"madrid real(0.193), nicki nicole(0.086), is the(0.021), cr7(0.018), madrid barca(0.017), you can(0.017), madrid is(0.015), a real(0.015), link(0.012), el real(0.011)"
260,39,"me gusta(0.234), no me(0.194), you can(0.075), defend(0.074), vini no(0.070), nicki(0.059), can t(0.051), him(0.034), you(0.014), de(0.003)"
261,39,"balón de(0.106), balón(0.104), ballon d(0.098), de oro(0.097), jamás(0.087), tendrá(0.085), ballon(0.071), playa lamine(0.036), lamine pañal(0.032), balon de(0.031)"
262,39,"next match(0.053), mejor el(0.041), ahead(0.039), should play(0.029), barca should(0.029), points(0.029), laliga(0.026), madrid que(0.025), el clasico(0.023), barcelone(0.015)"
263,39,"parle(0.164), would be(0.154), here(0.109), if(0.059), mejor(0.054), il(0.053), be(0.040), negreira(0.036), real(0.023), we(0.022)"
264,39,"red(0.119), eso es(0.084), la calle(0.047), pedro(0.043), no me(0.037), clear(0.028), tamal(0.028), a la(0.026), hablan(0.025), yaar(0.025)"
265,39,"normal(0.279), es el(0.210), vergüenza(0.183), poli(0.149), q(0.134), muy(0.132), xabi(0.087), es(0.064), que(0.045), (0.000)"
266,39,"gano(0.457), quien(0.415), vini ka(0.226), ho gya(0.226), kya(0.184), gya(0.163), ho(0.088), tu(0.087), ka(0.080), yamal(0.023)"
267,38,"(0.000), (0.000), (0.000), (0.000), (0.000), (0.000), (0.000), (0.000), (0.000), (0.000)"
268,38,"en champions(0.369), los arbitros(0.349), ladrones(0.312), champions(0.293), arbitros(0.180), sin(0.065), todo(0.031), 10(0.014), contra(0.011), not(0.008)"
269,38,"tú(0.299), sabe(0.249), por favor(0.244), favor(0.187), solo(0.145), va(0.141), si(0.098), la(0.041), que(0.026), (0.000)"
270,38,"called(0.757), man(0.343), they(0.247), me(0.149), a(0.042), (0.000), (0.000), (0.000), (0.000), (0.000)"
271,38,"frustrated(0.166), looked(0.161), the end(0.159), like that(0.123), never(0.114), de el(0.075), olmo(0.051), estaba(0.030), jugando(0.028), intention(0.018)"
272,38,"tent(0.420), arbitro(0.050), is on(0.048), pura(0.048), rest(0.047), fire(0.042), needed(0.036), link(0.034), ref(0.034), today(0.018)"
273,37,"fue y(0.308), que fue(0.265), fe(0.040), ca(0.020), comme(0.016), spam(0.015), diya(0.012), ye(0.009), kounde(0.008), pen(0.006)"
274,37,"mucho(0.888), ese(0.747), en(0.207), (0.000), (0.000), (0.000), (0.000), (0.000), (0.000), (0.000)"
275,37,"crowd(0.135), manager(0.090), park the(0.087), bus(0.077), home(0.076), that s(0.067), still(0.047), missing(0.046), half(0.042), win(0.029)"
276,37,"mark(0.111), 20(0.084), 1(0.076), pero no(0.039), we want(0.039), enough(0.036), chahiye tha(0.035), bro(0.029), sec(0.023), 1000(0.020)"
277,37,"(0.000), (0.000), (0.000), (0.000), (0.000), (0.000), (0.000), (0.000), (0.000), (0.000)"
278,37,"link(1.543), discord(0.204), free(0.114), va a(0.057), instagram(0.051), chahiye(0.045), see(0.045), las(0.043), please(0.042), va(0.034)"
279,37,"(0.000), (0.000), (0.000), (0.000), (0.000), (0.000), (0.000), (0.000), (0.000), (0.000)"
280,37,"enough(0.746), been(0.493), has(0.357), today(0.274), not(0.190), (0.000), (0.000), (0.000), (0.000), (0.000)"
281,37,"(0.000), (0.000), (0.000), (0.000), (0.000), (0.000), (0.000), (0.000), (0.000), (0.000)"
282,37,"mdr(0.378), psg(0.200), pls(0.117), nice(0.114), sell(0.101), rma(0.084), lets(0.074), missing(0.065), kounde(0.047), lamine(0.017)"
283,36,"trop(0.371), fait(0.363), pa(0.348), tan(0.245), il(0.165), en(0.078), vini(0.048), de(0.020), (0.000), (0.000)"
284,36,"decision(0.274), s not(0.245), not a(0.213), that s(0.202), a good(0.195), not(0.063), s(0.054), la(0.033), a(0.014), de(0.011)"
285,36,"footem(0.876), down(0.848), foul(0.531), on(0.201), (0.000), (0.000), (0.000), (0.000), (0.000), (0.000)"
286,36,"every time(0.067), lamine out(0.067), game but(0.067), the tempo(0.065), we did(0.062), took(0.062), more than(0.061), have scored(0.061), could have(0.052), performance(0.041)"
287,36,"unc(0.104), winter(0.104), defend(0.097), bon(0.096), to sign(0.091), 0(0.079), sign(0.069), pass(0.066), bc(0.053), we need(0.052)"
288,36,"madrid no(0.049), lamentable(0.027), the world(0.023), cinco(0.022), not the(0.021), this game(0.021), the end(0.020), injuries(0.020), del madrid(0.019), meter(0.014)"
289,36,"15(0.376), those(0.156), what about(0.127), soon(0.045), bro(0.040), years(0.038), minutos(0.037), we have(0.033), 0(0.020), no(0.009)"
290,36,"cr7(0.798), el chat(0.114), semenyo(0.110), e(0.100), sign(0.073), always(0.065), after(0.052), score(0.048), araujo(0.039), no(0.010)"
291,36,"less(0.584), 2 5(0.132), mentality(0.123), passing(0.121), poor(0.121), mastantuono(0.106), balde(0.083), club(0.065), hablar(0.057), la(0.016)"
292,36,"doesn t(0.062), shirt(0.060), hattrick(0.053), the ball(0.049), to score(0.048), celebrate(0.048), who can(0.044), fans(0.034), watch(0.026), jajajajaja(0.026)"
293,36,"equipos(0.074), hablando(0.048), team(0.047), y no(0.035), acabo(0.031), equipo(0.025), sale(0.020), el partido(0.020), todo el(0.020), these(0.017)"
294,36,"mt(0.109), pedri ko(0.090), dega(0.048), ball(0.048), refree(0.037), sakta(0.036), mundial(0.034), han hecho(0.032), bus(0.030), jugando(0.026)"
295,35,"card(0.190), ko red(0.054), fair(0.029), was not(0.026), card red(0.026), karta(0.024), the world(0.024), refree(0.021), fake(0.018), miss(0.014)"
296,35,"un equipo(0.403), muchos(0.384), es que(0.335), les(0.233), equipo(0.156), es(0.089), un(0.088), que(0.032), de(0.016), (0.000)"
297,35,"pray(0.228), we don(0.213), that we(0.174), i ll(0.169), don t(0.102), now(0.088), off(0.087), your(0.084), xabi(0.067), for(0.038)"
298,35,"with you(0.097), bhai last(0.053), words(0.049), 4 el(0.049), i was(0.044), i can(0.038), madrid el(0.032), scored(0.030), zee bhai(0.028), lost(0.028)"
299,35,"sad(0.141), hasta que(0.074), farsa(0.060), que el(0.051), vardrid(0.040), still(0.040), barsa(0.027), more(0.023), ka(0.023), 1(0.011)"
300,35,"vini was(0.061), jugador(0.052), was the(0.045), this match(0.043), the most(0.021), shirt(0.021), coach(0.021), attacking(0.020), de la(0.020), won t(0.020)"
301,35,"no está(0.440), lama(0.385), en la(0.226), está(0.194), ya(0.135), en(0.069), no(0.039), a(0.023), (0.000), (0.000)"
302,35,"a yamal(0.089), valverde(0.084), pasa(0.065), prime(0.039), he has(0.038), has to(0.037), celebrate(0.036), move(0.035), don t(0.021), now(0.018)"
303,34,"offside(1.029), side(0.082), yarr(0.072), working(0.067), that s(0.054), new(0.050), clear(0.044), this is(0.035), today(0.024), 5(0.019)"
304,34,"injured(0.424), what if(0.117), beat(0.115), acting(0.107), barca is(0.103), olmo(0.086), bring(0.079), up(0.056), bro(0.031), real(0.018)"
305,34,"está(0.583), es(0.296), de(0.053), (0.000), (0.000), (0.000), (0.000), (0.000), (0.000), (0.000)"
306,34,"foot(0.288), toi(0.245), vas(0.242), avec(0.230), ta(0.215), que le(0.178), je(0.149), pour(0.139), yamal(0.025), que(0.023)"
307,34,"bring(0.229), el partido(0.226), a la(0.205), partido(0.154), back(0.138), la(0.045), and(0.040), a(0.038), y(0.034), el(0.024)"
308,34,"on a(0.167), sad(0.162), baby(0.156), acting(0.149), like a(0.149), touche(0.142), sur le(0.132), vini is(0.118), vinicius(0.055), is(0.018)"
309,34,"red card(0.135), pedri(0.090), received(0.074), rest(0.065), his career(0.063), first red(0.047), first(0.036), should have(0.017), zee bhai(0.016), he could(0.012)"
310,34,"to barca(0.037), talent(0.037), his career(0.033), is coming(0.033), yamal but(0.032), deserve(0.032), ego and(0.031), i would(0.031), wins(0.030), fan(0.023)"
311,34,"wizard(0.290), wand(0.290), turquoise wizard(0.290), wizard wand(0.290), person turquoise(0.209), de el(0.155), person(0.112), turquoise(0.080), rashy(0.064), vamos(0.055)"
312,34,"el robo(0.035), madrid que(0.034), trampas(0.029), el real(0.023), no lo(0.023), negreira(0.022), pero(0.022), tenéis(0.019), ni robando(0.018), que fue(0.017)"
313,33,"s go(0.310), home(0.264), you are(0.234), let s(0.200), go(0.166), min(0.149), back(0.117), are(0.083), bro(0.077), 1(0.043)"
314,33,"(0.000), (0.000), (0.000), (0.000), (0.000), (0.000), (0.000), (0.000), (0.000), (0.000)"
315,33,"(0.000), (0.000), (0.000), (0.000), (0.000), (0.000), (0.000), (0.000), (0.000), (0.000)"
316,33,"kings(0.052), real(0.045), tiene que(0.044), chavales(0.036), a lamine(0.033), robando(0.031), gana el(0.029), show(0.025), el real(0.023), que no(0.021)"
317,33,"le real(0.102), 2 pour(0.098), 4 3(0.092), real(0.084), 5 2(0.041), 3 2(0.032), 7 1(0.024), huijsen(0.020), a 1(0.019), 2 0(0.018)"
318,33,"こんばんは(1.926), (0.000), (0.000), (0.000), (0.000), (0.000), (0.000), (0.000), (0.000), (0.000)"
319,33,"hujisen(0.375), injury(0.359), dean(0.299), performance(0.268), comeback(0.261), after(0.203), a good(0.097), back(0.050), feel(0.032), remontada(0.026)"
320,33,"maja(0.147), gya(0.092), sahi(0.074), madriddd(0.074), nada mas(0.049), rm(0.047), live(0.041), 8(0.037), score(0.033), bro(0.019)"
321,33,"hand ball(0.767), ball(0.317), balon(0.070), de juego(0.037), last season(0.037), last(0.022), season(0.022), pen(0.015), gol(0.009), no(0.005)"
322,33,"madrid y(0.056), nada mas(0.054), el madrid(0.030), mas hala(0.028), perdonando(0.019), el de(0.017), todo el(0.017), los árbitros(0.017), madre(0.017), tres(0.016)"
323,32,"(0.000), (0.000), (0.000), (0.000), (0.000), (0.000), (0.000), (0.000), (0.000), (0.000)"
324,32,"pls(0.938), bro(0.500), (0.000), (0.000), (0.000), (0.000), (0.000), (0.000), (0.000), (0.000)"
325,32,"up the(0.366), would be(0.349), gap(0.344), hard(0.281), very(0.264), would(0.199), table(0.192), up(0.164), be(0.092), it(0.089)"
326,32,"hala madridddd(0.069), madrid hala(0.053), respect for(0.032), bus(0.029), subs(0.023), cooked(0.019), madrid madrid(0.014), love(0.013), varca(0.013), 1(0.005)"
327,32,"hi(1.807), ai(0.130), hai(0.023), (0.000), (0.000), (0.000), (0.000), (0.000), (0.000), (0.000)"
328,32,"insta(2.798), inshallah(0.256), (0.000), (0.000), (0.000), (0.000), (0.000), (0.000), (0.000), (0.000)"
329,32,"forget(0.118), room(0.062), hasta que(0.062), que pena(0.061), sabeis(0.059), perder(0.057), champions(0.045), year(0.043), won(0.033), us(0.031)"
330,32,"text green(0.084), green game(0.084), game over(0.084), trophy yellow(0.004), smiling trophy(0.003), smiling text(0.002), for barca(0.002), yellow(0.002), vs(0.001), madrid(0.000)"
331,32,"123(0.624), años(0.406), robando(0.395), razón(0.366), lamine tiene(0.344), tiene(0.182), lamine(0.056), (0.000), (0.000), (0.000)"
332,31,"educación(0.469), masterclass(0.219), tenéis(0.121), was a(0.110), move(0.089), i think(0.066), respeto(0.054), camavinga(0.034), incoming(0.027), was top(0.019)"
333,31,"lol(2.126), a(0.007), (0.000), (0.000), (0.000), (0.000), (0.000), (0.000), (0.000), (0.000)"
334,31,"stream(0.715), drop(0.230), au(0.200), spam(0.179), réal(0.173), kiya(0.162), contra(0.086), bro(0.062), that(0.061), no(0.022)"
335,31,"better than(0.228), midfield(0.213), defenders(0.070), the best(0.047), defence is(0.044), rest(0.040), top(0.021), barca s(0.013), we did(0.011), played(0.009)"
336,31,"wanted(0.960), window(0.886), january(0.839), we(0.137), (0.000), (0.000), (0.000), (0.000), (0.000), (0.000)"
337,31,"expected(0.087), high(0.084), as well(0.084), outside(0.084), to get(0.082), amazing(0.081), xd(0.074), aura(0.073), solo(0.037), gol de(0.025)"
338,31,"negros(0.132), gagné(0.128), des(0.097), asco(0.089), bellingham(0.059), 2 1(0.052), xavi(0.044), contra el(0.032), vinicius(0.021), real(0.018)"
339,31,"whistling cat(0.284), orange whistling(0.281), orange(0.065), whistling face(0.012), le réal(0.006), smiling text(0.005), person turqouise(0.003), turqouise waving(0.003), face blue(0.002), green game(0.002)"
340,31,"1 goal(0.067), gol del(0.045), come(0.028), scored(0.022), madrid 4(0.020), 6 7(0.019), those(0.019), de madrid(0.019), one(0.019), the win(0.019)"
341,31,"vini is(0.301), con vinicius(0.299), back(0.224), prime(0.128), old(0.099), vinicius(0.094), coming(0.093), varca(0.058), good(0.045), are(0.040)"
342,31,"manolo(0.094), en la(0.050), final(0.049), substitution(0.031), mappe(0.030), whats(0.029), making(0.028), with the(0.026), dekho(0.024), no hay(0.022)"
343,31,"bernabeu(0.153), años de(0.114), 123(0.087), en el(0.074), robo(0.052), bastardo soto(0.051), crazy(0.044), corruptos(0.040), compra(0.039), arbitros(0.026)"
344,31,"balls(0.360), he has(0.305), doesn t(0.296), doesn(0.296), because(0.264), need(0.134), t(0.094), he(0.066), 2(0.052), lamine(0.048)"
345,31,"red penalty(0.201), card red(0.200), penalty card(0.199), card(0.182), penalty(0.135), red(0.083), para(0.004), (0.000), (0.000), (0.000)"
346,30,"(0.000), (0.000), (0.000), (0.000), (0.000), (0.000), (0.000), (0.000), (0.000), (0.000)"
347,30,"años que(0.093), room(0.090), ha pasado(0.088), se ha(0.078), habla(0.063), el barça(0.057), refree(0.033), bro this(0.023), received(0.023), arbitre(0.021)"
348,30,"goallllll(0.672), take(0.349), vamos(0.121), vini(0.063), the(0.056), a(0.035), (0.000), (0.000), (0.000), (0.000)"
349,30,"ring(0.370), purple ring(0.370), planet orange(0.370), planet(0.370), orange purple(0.370), whats(0.108), purple(0.073), orange(0.062), the(0.010), v(0.009)"
350,30,"(0.000), (0.000), (0.000), (0.000), (0.000), (0.000), (0.000), (0.000), (0.000), (0.000)"
351,30,"table(0.765), table time(0.634), time(0.298), la liga(0.032), top(0.023), liga(0.023), about(0.022), of the(0.019), bhai(0.014), la(0.006)"
352,30,"robbery(1.955), clean(0.083), started(0.081), liverpool(0.069), doing(0.057), bro(0.046), this is(0.045), who(0.034), with(0.030), barca(0.009)"
353,30,"league(0.142), champions(0.040), años que(0.038), check(0.037), king(0.032), los clásicos(0.031), mucho(0.025), ladrones(0.023), que no(0.022), table(0.020)"
354,30,"(0.000), (0.000), (0.000), (0.000), (0.000), (0.000), (0.000), (0.000), (0.000), (0.000)"
355,30,"referee(0.457), white(0.063), vardrid(0.059), post match(0.045), interviews(0.043), take on(0.023), players(0.022), passing(0.020), hua(0.018), rigged(0.018)"
356,30,"viniiiiii(0.631), trent(0.443), fede(0.291), ou(0.237), sub(0.196), bring(0.194), 7(0.184), est(0.094), and(0.068), a(0.016)"
357,30,"madrid madrid(0.794), madrid(0.080), (0.000), (0.000), (0.000), (0.000), (0.000), (0.000), (0.000), (0.000)"
358,30,"vamoss(0.689), vamosss(0.578), viva(0.323), vamos vamos(0.247), va(0.221), vamos(0.189), van(0.071), (0.000), (0.000), (0.000)"
359,30,"playing good(0.165), was playing(0.141), was good(0.106), bhai vini(0.081), vini was(0.059), save(0.052), de jong(0.037), i would(0.026), pedri and(0.026), prime(0.024)"
360,30,"it was(0.206), hay que(0.177), poli(0.149), hay(0.114), if(0.105), se(0.071), it(0.070), que(0.068), was(0.053), a(0.030)"
